"Date(UTC)","Julian Date","MET","TS","Photon Flux [0.1-100 GeV](photons cm-2 s-1)","Photon Flux Error(photons cm-2 s-1)","Photon Index","Photon Index Error","Sun Distance","Fit Tolerance","MINUIT Return Code","Analysis Log"
"Aug 08 2008","2454687","239889601","25.15","3.91e-8","1.54e-8","-1.72","-","115.86","1e-8","0","bin1.log"
"Aug 15 2008","2454694","240494401","53.21","4.38e-8","1.37e-8","-1.72","-","109.53","1e-8","0","bin2.log"
"Aug 22 2008","2454701","241099201","61.75","4.18e-8","1.24e-8","-1.72","-","103.36","1e-8","0","bin3.log"
"Aug 29 2008","2454708","241704001","72.84","4.25e-8","1.29e-8","-1.72","-","97.33","1e-8","0","bin4.log"
"Sep 05 2008","2454715","242308801","69.01","4.99e-8","1.34e-8","-1.72","-","91.43","1e-8","0","bin5.log"
"Sep 12 2008","2454722","242913601","102.44","5.95e-8","1.52e-8","-1.72","-","85.64","1e-8","0","bin6.log"
"Sep 19 2008","2454729","243518401","25.97","3.06e-8","1.37e-8","-1.72","-","79.92","1e-8","0","bin7.log"
"Sep 26 2008","2454736","244123201","25.32","2.27e-8","1.18e-8","-1.72","-","74.26","1e-8","0","bin8.log"
"Oct 03 2008","2454743","244728001","63.99","4.57e-8","1.32e-8","-1.72","-","68.61","1e-8","0","bin9.log"
"Oct 10 2008","2454750","245332801","35.99","3.67e-8","1.36e-8","-1.72","-","62.95","1e-8","0","bin10.log"
"Oct 17 2008","2454757","245937601","38.37","3.59e-8","1.24e-8","-1.72","-","57.25","1e-8","0","bin11.log"
"Oct 24 2008","2454764","246542401","64.22","5.05e-8","1.35e-8","-1.72","-","51.48","1e-8","0","bin12.log"
"Oct 31 2008","2454771","247147201","22.56","2.60e-8","1.13e-8","-1.72","-","45.63","1e-8","0","bin13.log"
"Nov 07 2008","2454777","247752001","23.94","1.64e-8","9.24e-9","-1.72","-","39.70","1e-8","0","bin14.log"
"Nov 14 2008","2454784","248356801","4.12","1.02e-8","8.67e-9","-1.72","-","33.73","1e-8","0","bin15.log"
"Nov 21 2008","2454791","248961601","16.84","3.41e-8","1.49e-8","-1.72","-","27.82","1e-8","0","bin16.log"
"Nov 28 2008","2454798","249566401","21.08","2.98e-8","1.44e-8","-1.72","-","22.22","1e-8","0","bin17.log"
"Dec 05 2008","2454806","250171201","41.43","3.98e-8","1.31e-8","-1.72","-","17.49","1e-8","0","bin18.log"
"Dec 12 2008","2454813","250776001","37.09","4.39e-8","1.31e-8","-1.72","-","14.84","1e-8","0","bin19.log"
"Dec 19 2008","2454820","251380801","94.44","5.09e-8","1.32e-8","-1.72","-","15.65","1e-8","0","bin20.log"
"Dec 26 2008","2454827","251985601","50.47","5.52e-8","1.54e-8","-1.72","-","19.65","1e-8","0","bin21.log"
"Jan 02 2009","2454833","252590401","27.46","4.17e-8","1.53e-8","-1.72","-","25.45","1e-8","0","bin22.log"
"Jan 09 2009","2454840","253195201","27.07","5.21e-8","1.81e-8","-1.72","-","32.09","1e-8","0","bin23.log"
"Jan 16 2009","2454847","253800001","30.08","4.36e-8","1.61e-8","-1.72","-","39.13","1e-8","0","bin24.log"
"Jan 23 2009","2454854","254404801","5.13","2.05e-8","1.21e-8","-1.72","-","46.33","1e-8","0","bin25.log"
"Jan 30 2009","2454861","255009601","78.09","5.18e-8","1.33e-8","-1.72","-","53.57","1e-8","0","bin26.log"
"Feb 06 2009","2454868","255614401","65.63","5.62e-8","1.36e-8","-1.72","-","60.79","1e-8","0","bin27.log"
"Feb 13 2009","2454875","256219201","14.91","2.84e-8","1.15e-8","-1.72","-","67.96","1e-8","0","bin28.log"
"Feb 20 2009","2454882","256824001","72","7.37e-8","1.82e-8","-1.72","-","75.05","1e-8","0","bin29.log"
"Feb 27 2009","2454889","257428801","37.64","6.00e-8","1.87e-8","-1.72","-","82.05","1e-8","0","bin30.log"
"Mar 06 2009","2454898","258033601","25.37","5.71e-8","1.87e-8","-1.72","-","88.98","1e-8","0","bin31.log"
"Mar 13 2009","2454905","258638401","42.62","5.58e-8","2.32e-8","-1.72","-","95.84","1e-8","0","bin32.log"
"Mar 20 2009","2454912","259243201","62.47","4.21e-8","1.27e-8","-1.72","-","102.64","1e-8","0","bin33.log"
"Mar 27 2009","2454919","259848001","38.23","4.25e-8","1.42e-8","-1.72","-","109.41","1e-8","0","bin34.log"
"Apr 03 2009","2454926","260452801","99.06","9.07e-8","1.79e-8","-1.72","-","116.17","1e-8","0","bin35.log"
"Apr 10 2009","2454933","261057601","75.93","6.27e-8","1.59e-8","-1.72","-","122.92","1e-8","0","bin36.log"
"Apr 17 2009","2454940","261662401","49.91","6.26e-8","1.73e-8","-1.72","-","129.70","1e-8","0","bin37.log"
"Apr 24 2009","2454947","262267201","44.32","6.53e-8","2.03e-8","-1.72","-","136.51","1e-8","0","bin38.log"
"May 01 2009","2454954","262872001","54.84","5.94e-8","1.80e-8","-1.72","-","143.37","1e-8","0","bin39.log"
"May 08 2009","2454961","263476801","67.02","6.34e-8","1.71e-8","-1.72","-","150.28","1e-8","0","bin40.log"
"May 15 2009","2454968","264081601","121.46","7.85e-8","1.71e-8","-1.72","-","157.23","1e-8","0","bin41.log"
"May 22 2009","2454975","264686401","235.77","1.22e-7","1.90e-8","-1.72","-","164.14","1e-8","0","bin42.log"
"May 29 2009","2454982","265291201","122.79","7.96e-8","1.68e-8","-1.72","-","170.75","1e-8","0","bin43.log"
"Jun 05 2009","2454988","265896001","100.1","6.53e-8","1.65e-8","-1.72","-","175.16","1e-8","0","bin44.log"
"Jun 12 2009","2454995","266500801","10.54","1.60e-8","1.19e-8","-1.72","-","171.77","1e-8","0","bin45.log"
"Jun 19 2009","2455002","267105601","1.02","< 4.99e-8","-","-","-","165.20","1e-8","0","bin46.log"
"Jun 26 2009","2455009","267710401","23.26","2.81e-8","1.30e-8","-1.72","-","158.18","1e-8","0","bin47.log"
"Jul 03 2009","2455017","268315201","68.51","6.06e-8","1.56e-8","-1.72","-","151.08","1e-8","0","bin48.log"
"Jul 10 2009","2455024","268920001","126.66","7.64e-8","1.65e-8","-1.72","-","144.02","1e-8","0","bin49.log"
"Jul 17 2009","2455031","269524801","36.94","4.29e-8","1.43e-8","-1.72","-","137.05","1e-8","0","bin50.log"
"Jul 24 2009","2455038","270129601","44.71","3.86e-8","1.31e-8","-1.72","-","130.21","1e-8","0","bin51.log"
"Jul 31 2009","2455045","270734401","43.45","4.74e-8","1.52e-8","-1.72","-","123.53","1e-8","0","bin52.log"
"Aug 07 2009","2455051","271339201","31.64","5.09e-8","1.71e-8","-1.72","-","117.00","1e-8","0","bin53.log"
"Aug 14 2009","2455058","271944001","25.56","2.95e-8","1.28e-8","-1.72","-","110.64","1e-8","0","bin54.log"
"Aug 21 2009","2455065","272548801","48.32","4.52e-8","1.44e-8","-1.72","-","104.44","1e-8","0","bin55.log"
"Aug 28 2009","2455072","273153601","50.64","4.92e-8","1.41e-8","-1.72","-","98.39","1e-8","0","bin56.log"
"Sep 04 2009","2455079","273758401","25.33","2.82e-8","1.23e-8","-1.72","-","92.47","1e-8","0","bin57.log"
"Sep 11 2009","2455086","274363201","19.79","3.02e-8","1.29e-8","-1.72","-","86.66","1e-8","0","bin58.log"
"Sep 18 2009","2455093","274968001","68.44","6.46e-8","1.71e-8","-1.72","-","80.93","1e-8","0","bin59.log"
"Sep 25 2009","2455100","275572801","33.48","2.53e-8","1.14e-8","-1.72","-","75.26","1e-8","0","bin60.log"
"Oct 02 2009","2455107","276177601","33.87","2.93e-8","1.27e-8","-1.72","-","69.61","1e-8","0","bin61.log"
"Oct 09 2009","2455114","276782401","16.27","2.44e-8","1.21e-8","-1.72","-","63.96","1e-8","0","bin62.log"
"Oct 16 2009","2455121","277387201","37.58","2.90e-8","1.20e-8","-1.72","-","58.26","1e-8","0","bin63.log"
"Oct 23 2009","2455128","277992001","29.56","3.85e-8","1.41e-8","-1.72","-","52.51","1e-8","0","bin64.log"
"Oct 30 2009","2455135","278596801","33.93","2.69e-8","1.30e-8","-1.72","-","46.67","1e-8","0","bin65.log"
"Nov 06 2009","2455142","279201601","74.72","4.75e-8","1.45e-8","-1.72","-","40.76","1e-8","0","bin66.log"
"Nov 13 2009","2455149","279806401","58.8","4.60e-8","1.37e-8","-1.72","-","34.79","1e-8","0","bin67.log"
"Nov 20 2009","2455156","280411201","32.67","3.30e-8","1.33e-8","-1.72","-","28.86","1e-8","0","bin68.log"
"Nov 27 2009","2455163","281016001","16.19","2.85e-8","1.36e-8","-1.72","-","23.17","1e-8","0","bin69.log"
"Dec 04 2009","2455170","281620801","73.58","6.90e-8","1.77e-8","-1.72","-","18.22","1e-8","0","bin70.log"
"Dec 11 2009","2455177","282225601","65.18","4.81e-8","1.45e-8","-1.72","-","15.08","1e-8","0","bin71.log"
"Dec 18 2009","2455184","282830401","64.62","5.63e-8","1.60e-8","-1.72","-","15.23","1e-8","0","bin72.log"
"Dec 25 2009","2455191","283435201","107.25","8.41e-8","2.02e-8","-1.72","-","18.77","1e-8","0","bin73.log"
"Jan 01 2010","2455197","284040001","18.66","2.53e-8","1.25e-8","-1.72","-","24.34","1e-8","0","bin74.log"
"Jan 08 2010","2455204","284644801","1.36","< 3.54e-8","-","-","-","30.88","1e-8","0","bin75.log"
"Jan 15 2010","2455211","285249601","10.58","1.55e-8","9.89e-9","-1.72","-","37.86","1e-8","0","bin76.log"
"Jan 22 2010","2455218","285854401","0","< 1.75e-8","-","-","-","45.04","1e-8","0","bin77.log"
"Jan 29 2010","2455225","286459201","6.76","1.81e-8","1.03e-8","-1.72","-","52.29","1e-8","0","bin78.log"
"Feb 05 2010","2455232","287064001","16.78","1.86e-8","1.00e-8","-1.72","-","59.52","1e-8","0","bin79.log"
"Feb 12 2010","2455239","287668801","4.35","1.36e-8","1.08e-8","-1.72","-","66.69","1e-8","0","bin80.log"
"Feb 19 2010","2455246","288273601","6.92","2.16e-8","1.20e-8","-1.72","-","73.80","1e-8","0","bin81.log"
"Feb 26 2010","2455253","288878401","46.75","4.00e-8","1.28e-8","-1.72","-","80.81","1e-8","0","bin82.log"
"Mar 05 2010","2455262","289483201","7.1","1.79e-8","1.13e-8","-1.72","-","87.76","1e-8","0","bin83.log"
"Mar 12 2010","2455269","290088001","17.62","3.76e-8","1.49e-8","-1.72","-","94.63","1e-8","0","bin84.log"
"Mar 19 2010","2455276","290692801","74.2","4.76e-8","1.41e-8","-1.72","-","101.44","1e-8","0","bin85.log"
"Mar 26 2010","2455283","291297601","83.39","6.48e-8","1.69e-8","-1.72","-","108.21","1e-8","0","bin86.log"
"Apr 02 2010","2455290","291902401","24.59","2.49e-8","1.15e-8","-1.72","-","114.97","1e-8","0","bin87.log"
"Apr 09 2010","2455297","292507201","33.17","4.57e-8","1.63e-8","-1.72","-","121.72","1e-8","0","bin88.log"
"Apr 16 2010","2455304","293112001","14.04","1.87e-8","1.01e-8","-1.72","-","128.50","1e-8","0","bin89.log"
"Apr 23 2010","2455311","293716801","61.72","5.23e-8","1.40e-8","-1.72","-","135.30","1e-8","0","bin90.log"
"Apr 30 2010","2455318","294321601","93.01","8.34e-8","1.90e-8","-1.72","-","142.15","1e-8","0","bin91.log"
"May 07 2010","2455325","294926401","136.26","9.56e-8","1.90e-8","-1.72","-","149.06","1e-8","0","bin92.log"
"May 14 2010","2455332","295531201","112.02","6.82e-8","1.63e-8","-1.72","-","156.00","1e-8","0","bin93.log"
"May 21 2010","2455339","296136001","10.9","2.24e-8","1.14e-8","-1.72","-","162.92","1e-8","0","bin94.log"
"May 28 2010","2455346","296740801","85.68","7.36e-8","1.75e-8","-1.72","-","169.64","1e-8","0","bin95.log"
"Jun 04 2010","2455353","297345601","77.9","5.55e-8","1.60e-8","-1.72","-","174.83","1e-8","0","bin96.log"
"Jun 11 2010","2455360","297950401","43.91","3.61e-8","1.20e-8","-1.72","-","172.79","1e-8","0","bin97.log"
"Jun 18 2010","2455367","298555201","56.92","5.69e-8","1.51e-8","-1.72","-","166.42","1e-8","0","bin98.log"
"Jun 25 2010","2455374","299160001","50.15","3.58e-8","1.31e-8","-1.72","-","159.43","1e-8","0","bin99.log"
"Jul 02 2010","2455381","299764801","26.75","4.51e-8","1.57e-8","-1.72","-","152.33","1e-8","0","bin100.log"
"Jul 09 2010","2455388","300369601","32.61","4.24e-8","1.40e-8","-1.72","-","145.26","1e-8","0","bin101.log"
"Jul 16 2010","2455395","300974401","27.01","3.59e-8","1.37e-8","-1.72","-","138.28","1e-8","0","bin102.log"
"Jul 23 2010","2455402","301579201","2.2","< 3.89e-8","-","-","-","131.42","1e-8","0","bin103.log"
"Jul 30 2010","2455409","302184001","27.93","5.10e-8","1.64e-8","-1.72","-","124.70","1e-8","0","bin104.log"
"Aug 06 2010","2455416","302788801","12.42","2.76e-8","1.33e-8","-1.72","-","118.15","1e-8","0","bin105.log"
"Aug 13 2010","2455423","303393601","12.88","1.70e-8","1.02e-8","-1.72","-","111.76","1e-8","0","bin106.log"
"Aug 20 2010","2455430","303998401","0.61","< 3.17e-8","-","-","-","105.53","1e-8","0","bin107.log"
"Aug 27 2010","2455437","304603201","22.46","2.22e-8","1.11e-8","-1.72","-","99.45","1e-8","0","bin108.log"
"Sep 03 2010","2455443","305208001","23.26","3.99e-8","1.41e-8","-1.72","-","93.51","1e-8","0","bin109.log"
"Sep 10 2010","2455450","305812801","4.5","2.13e-8","1.40e-8","-1.72","-","87.68","1e-8","0","bin110.log"
"Sep 17 2010","2455457","306417601","42.32","3.86e-8","1.37e-8","-1.72","-","81.94","1e-8","0","bin111.log"
"Sep 24 2010","2455464","307022401","12.09","2.40e-8","1.32e-8","-1.72","-","76.26","1e-8","0","bin112.log"
"Oct 01 2010","2455471","307627201","8.67","2.30e-8","1.28e-8","-1.72","-","70.61","1e-8","0","bin113.log"
"Oct 08 2010","2455478","308232001","20.7","2.67e-8","1.24e-8","-1.72","-","64.96","1e-8","0","bin114.log"
"Oct 15 2010","2455485","308836801","41.6","5.30e-8","1.67e-8","-1.72","-","59.28","1e-8","0","bin115.log"
"Oct 22 2010","2455492","309441601","6.09","2.10e-8","1.26e-8","-1.72","-","53.53","1e-8","0","bin116.log"
"Oct 29 2010","2455499","310046401","28.42","2.22e-8","1.02e-8","-1.72","-","47.71","1e-8","0","bin117.log"
"Nov 05 2010","2455506","310651201","31.99","4.26e-8","1.48e-8","-1.72","-","41.81","1e-8","0","bin118.log"
"Nov 12 2010","2455513","311256001","40.39","4.19e-8","1.43e-8","-1.72","-","35.85","1e-8","0","bin119.log"
"Nov 19 2010","2455520","311860801","39.5","3.54e-8","1.27e-8","-1.72","-","29.90","1e-8","0","bin120.log"
"Nov 26 2010","2455527","312465601","65.59","4.61e-8","1.38e-8","-1.72","-","24.14","1e-8","0","bin121.log"
"Dec 03 2010","2455534","313070401","53.18","5.07e-8","1.56e-8","-1.72","-","19.00","1e-8","0","bin122.log"
"Dec 10 2010","2455541","313675201","54.74","3.88e-8","1.34e-8","-1.72","-","15.43","1e-8","0","bin123.log"
"Dec 17 2010","2455548","314280001","26.06","3.04e-8","1.22e-8","-1.72","-","14.93","1e-8","0","bin124.log"
"Dec 24 2010","2455555","314884801","14.07","2.04e-8","1.20e-8","-1.72","-","17.96","1e-8","0","bin125.log"
"Dec 31 2010","2455562","315489601","11.96","2.78e-8","1.52e-8","-1.72","-","23.26","1e-8","0","bin126.log"
"Jan 07 2011","2455569","316094401","122.11","7.15e-8","1.74e-8","-1.72","-","29.68","1e-8","0","bin127.log"
"Jan 14 2011","2455576","316699201","36.64","4.35e-8","1.40e-8","-1.72","-","36.60","1e-8","0","bin128.log"
"Jan 21 2011","2455583","317304001","39.73","4.04e-8","1.34e-8","-1.72","-","43.76","1e-8","0","bin129.log"
"Jan 28 2011","2455590","317908801","56.91","4.35e-8","1.41e-8","-1.72","-","51.00","1e-8","0","bin130.log"
"Feb 04 2011","2455596","318513601","11.46","1.48e-8","9.27e-9","-1.72","-","58.24","1e-8","0","bin131.log"
"Feb 11 2011","2455603","319118401","1.89","< 3.70e-8","-","-","-","65.42","1e-8","0","bin132.log"
"Feb 18 2011","2455610","319723201","12.74","2.01e-8","1.09e-8","-1.72","-","72.54","1e-8","0","bin133.log"
"Feb 25 2011","2455617","320328001","27.78","4.61e-8","1.71e-8","-1.72","-","79.57","1e-8","0","bin134.log"
"Mar 04 2011","2455627","320932801","21.76","3.38e-8","1.36e-8","-1.72","-","86.53","1e-8","0","bin135.log"
"Mar 11 2011","2455634","321537601","48.34","3.07e-8","1.10e-8","-1.72","-","93.41","1e-8","0","bin136.log"
"Mar 18 2011","2455641","322142401","63.26","5.56e-8","1.60e-8","-1.72","-","100.23","1e-8","0","bin137.log"
"Mar 25 2011","2455648","322747201","133.42","7.08e-8","1.44e-8","-1.72","-","107.01","1e-8","0","bin138.log"
"Apr 01 2011","2455654","323352001","63.69","6.40e-8","1.59e-8","-1.72","-","113.77","1e-8","0","bin139.log"
"Apr 08 2011","2455661","323956801","85.57","6.45e-8","1.56e-8","-1.72","-","120.52","1e-8","0","bin140.log"
"Apr 15 2011","2455668","324561601","71.88","6.88e-8","1.99e-8","-1.72","-","127.29","1e-8","0","bin141.log"
"Apr 22 2011","2455675","325166401","72.14","8.69e-8","2.01e-8","-1.72","-","134.09","1e-8","0","bin142.log"
"Apr 29 2011","2455682","325771201","97.74","6.92e-8","1.62e-8","-1.72","-","140.93","1e-8","0","bin143.log"
"May 06 2011","2455689","326376001","92.96","6.92e-8","1.65e-8","-1.72","-","147.83","1e-8","0","bin144.log"
"May 13 2011","2455696","326980801","61.34","6.33e-8","1.80e-8","-1.72","-","154.76","1e-8","0","bin145.log"
"May 20 2011","2455703","327585601","68.88","5.80e-8","1.60e-8","-1.72","-","161.70","1e-8","0","bin146.log"
"May 27 2011","2455710","328190401","96.91","7.63e-8","1.84e-8","-1.72","-","168.48","1e-8","0","bin147.log"
"Jun 03 2011","2455717","328795201","35.15","3.37e-8","1.23e-8","-1.72","-","174.22","1e-8","0","bin148.log"
"Jun 10 2011","2455724","329400001","49.76","4.79e-8","1.58e-8","-1.72","-","173.69","1e-8","0","bin149.log"
"Jun 17 2011","2455731","330004801","36.87","4.01e-8","1.39e-8","-1.72","-","167.63","1e-8","0","bin150.log"
"Jun 24 2011","2455738","330609601","45.74","3.86e-8","1.33e-8","-1.72","-","160.68","1e-8","0","bin151.log"
"Jul 01 2011","2455745","331214401","62.92","5.39e-8","1.58e-8","-1.72","-","153.59","1e-8","0","bin152.log"
"Jul 08 2011","2455752","331819201","32.36","5.07e-8","1.64e-8","-1.72","-","146.51","1e-8","0","bin153.log"
"Jul 15 2011","2455759","332424001","36.74","6.00e-8","1.66e-8","-1.72","-","139.51","1e-8","0","bin154.log"
"Jul 22 2011","2455766","333028801","38.49","4.94e-8","1.57e-8","-1.72","-","132.62","1e-8","0","bin155.log"
"Jul 29 2011","2455773","333633601","23.52","3.35e-8","1.39e-8","-1.72","-","125.88","1e-8","0","bin156.log"
"Aug 05 2011","2455780","334238401","18.2","2.31e-8","1.20e-8","-1.72","-","119.30","1e-8","0","bin157.log"
"Aug 12 2011","2455787","334843201","18.09","2.59e-8","1.25e-8","-1.72","-","112.88","1e-8","0","bin158.log"
"Aug 19 2011","2455794","335448001","12.98","2.69e-8","1.18e-8","-1.72","-","106.62","1e-8","0","bin159.log"
"Aug 26 2011","2455801","336052801","24.03","1.91e-8","1.05e-8","-1.72","-","100.52","1e-8","0","bin160.log"
"Sep 02 2011","2455807","336657601","3.89","< 4.64e-8","-","-","-","94.56","1e-8","0","bin161.log"
"Sep 09 2011","2455814","337262401","16.31","2.14e-8","1.20e-8","-1.72","-","88.71","1e-8","0","bin162.log"
"Sep 16 2011","2455821","337867201","73.27","6.29e-8","1.72e-8","-1.72","-","82.96","1e-8","0","bin163.log"
"Sep 23 2011","2455828","338472001","48.37","4.64e-8","1.60e-8","-1.72","-","77.27","1e-8","0","bin164.log"
"Sep 30 2011","2455835","339076801","58.17","5.79e-8","1.59e-8","-1.72","-","71.61","1e-8","0","bin165.log"
"Oct 07 2011","2455843","339681601","25.11","3.07e-8","1.21e-8","-1.72","-","65.96","1e-8","0","bin166.log"
"Oct 14 2011","2455850","340286401","31.4","3.23e-8","1.23e-8","-1.72","-","60.29","1e-8","0","bin167.log"
"Oct 21 2011","2455857","340891201","80.14","6.78e-8","1.76e-8","-1.72","-","54.56","1e-8","0","bin168.log"
"Oct 28 2011","2455864","341496001","56.74","4.54e-8","1.37e-8","-1.72","-","48.75","1e-8","0","bin169.log"
"Nov 04 2011","2455870","342100801","132.51","9.09e-8","1.87e-8","-1.72","-","42.87","1e-8","0","bin170.log"
"Nov 11 2011","2455877","342705601","108.48","6.60e-8","1.70e-8","-1.72","-","36.91","1e-8","0","bin171.log"
"Nov 18 2011","2455884","343310401","64.72","6.37e-8","1.74e-8","-1.72","-","30.95","1e-8","0","bin172.log"
"Nov 25 2011","2455891","343915201","86.69","6.44e-8","1.65e-8","-1.72","-","25.14","1e-8","0","bin173.log"
"Dec 02 2011","2455899","344520001","119.44","9.57e-8","1.88e-8","-1.72","-","19.84","1e-8","0","bin174.log"
"Dec 09 2011","2455906","345124801","147.9","1.04e-7","2.01e-8","-1.72","-","15.89","1e-8","0","bin175.log"
"Dec 16 2011","2455913","345729601","107.01","6.91e-8","1.67e-8","-1.72","-","14.75","1e-8","0","bin176.log"
"Dec 23 2011","2455920","346334401","149.74","8.67e-8","1.75e-8","-1.72","-","17.21","1e-8","0","bin177.log"
"Dec 30 2011","2455927","346939201","249.13","1.24e-7","2.10e-8","-1.72","-","22.21","1e-8","0","bin178.log"
"Jan 06 2012","2455933","347544001","181.51","1.35e-7","2.20e-8","-1.72","-","28.49","1e-8","0","bin179.log"
"Jan 13 2012","2455940","348148801","37.87","4.70e-8","1.47e-8","-1.72","-","35.35","1e-8","0","bin180.log"
"Jan 20 2012","2455947","348753601","156.12","9.78e-8","1.90e-8","-1.72","-","42.48","1e-8","0","bin181.log"
"Jan 27 2012","2455954","349358401","178.75","1.02e-7","1.84e-8","-1.72","-","49.71","1e-8","0","bin182.log"
"Feb 03 2012","2455960","349963201","81.45","8.01e-8","1.82e-8","-1.72","-","56.95","1e-8","0","bin183.log"
"Feb 10 2012","2455967","350568001","121.67","8.11e-8","1.73e-8","-1.72","-","64.15","1e-8","0","bin184.log"
"Feb 17 2012","2455974","351172801","33.92","4.05e-8","1.33e-8","-1.72","-","71.28","1e-8","0","bin185.log"
"Feb 24 2012","2455981","351777601","68.48","5.52e-8","1.51e-8","-1.72","-","78.33","1e-8","0","bin186.log"
"Mar 02 2012","2455990","352382401","63.35","4.86e-8","1.45e-8","-1.72","-","85.30","1e-8","0","bin187.log"
"Mar 09 2012","2455997","352987201","163.34","8.47e-8","1.55e-8","-1.72","-","92.19","1e-8","0","bin188.log"
"Mar 16 2012","2456004","353592001","123.58","9.36e-8","1.97e-8","-1.72","-","99.03","1e-8","0","bin189.log"
"Mar 23 2012","2456011","354196801","77.09","6.81e-8","1.73e-8","-1.72","-","105.81","1e-8","0","bin190.log"
"Mar 30 2012","2456018","354801601","108.68","8.05e-8","1.80e-8","-1.72","-","112.57","1e-8","0","bin191.log"
"Apr 06 2012","2456024","355406401","18.05","2.51e-8","1.06e-8","-1.72","-","119.32","1e-8","0","bin192.log"
"Apr 13 2012","2456031","356011201","52.52","4.51e-8","1.35e-8","-1.72","-","126.09","1e-8","0","bin193.log"
"Apr 20 2012","2456038","356616001","36.38","4.32e-8","1.58e-8","-1.72","-","132.88","1e-8","0","bin194.log"
"Apr 27 2012","2456045","357220801","62.8","6.17e-8","1.72e-8","-1.72","-","139.72","1e-8","0","bin195.log"
"May 04 2012","2456053","357825601","8.6","1.79e-8","1.03e-8","-1.72","-","146.60","1e-8","0","bin196.log"
"May 11 2012","2456060","358430401","21.19","2.00e-8","1.04e-8","-1.72","-","153.53","1e-8","0","bin197.log"
"May 18 2012","2456067","359035201","57.3","5.96e-8","1.76e-8","-1.72","-","160.47","1e-8","0","bin198.log"
"May 25 2012","2456074","359640001","73.2","6.37e-8","1.63e-8","-1.72","-","167.31","1e-8","0","bin199.log"
"Jun 01 2012","2456080","360244801","46.35","5.22e-8","1.55e-8","-1.72","-","173.42","1e-8","0","bin200.log"
"Jun 08 2012","2456087","360849601","115.23","8.69e-8","1.97e-8","-1.72","-","174.45","1e-8","0","bin201.log"
"Jun 15 2012","2456094","361454401","140.33","1.10e-7","2.10e-8","-1.72","-","168.81","1e-8","0","bin202.log"
"Jun 22 2012","2456101","362059201","106.48","7.84e-8","1.87e-8","-1.72","-","161.93","1e-8","0","bin203.log"
"Jun 29 2012","2456108","362664001","59.86","5.15e-8","1.48e-8","-1.72","-","154.85","1e-8","0","bin204.log"
"Jul 06 2012","2456116","363268801","107.27","7.02e-8","1.84e-8","-1.72","-","147.77","1e-8","0","bin205.log"
"Jul 13 2012","2456123","363873601","40.05","5.10e-8","1.53e-8","-1.72","-","140.74","1e-8","0","bin206.log"
"Jul 20 2012","2456130","364478401","100.64","5.53e-8","1.44e-8","-1.72","-","133.84","1e-8","0","bin207.log"
"Jul 27 2012","2456137","365083201","47.17","4.87e-8","1.50e-8","-1.72","-","127.07","1e-8","0","bin208.log"
"Aug 03 2012","2456143","365688001","27.3","4.23e-8","1.49e-8","-1.72","-","120.45","1e-8","0","bin209.log"
"Aug 10 2012","2456150","366292801","76.01","8.25e-8","2.00e-8","-1.72","-","114.01","1e-8","0","bin210.log"
"Aug 17 2012","2456157","366897601","17.1","2.99e-8","1.40e-8","-1.72","-","107.72","1e-8","0","bin211.log"
"Aug 24 2012","2456164","367502401","56.75","5.99e-8","1.68e-8","-1.72","-","101.59","1e-8","0","bin212.log"
"Aug 31 2012","2456171","368107201","20.58","4.02e-8","1.50e-8","-1.72","-","95.61","1e-8","0","bin213.log"
"Sep 07 2012","2456177","368712001","80.37","6.89e-8","1.73e-8","-1.72","-","89.74","1e-8","0","bin214.log"
"Sep 14 2012","2456184","369316801","84.97","6.51e-8","1.61e-8","-1.72","-","83.97","1e-8","0","bin215.log"
"Sep 21 2012","2456191","369921601","70.73","5.48e-8","1.73e-8","-1.72","-","78.27","1e-8","0","bin216.log"
"Sep 28 2012","2456198","370526401","14.77","4.55e-8","2.45e-8","-1.72","-","72.62","1e-8","0","bin217.log"
"Oct 05 2012","2456206","371131201","41.37","5.25e-8","1.75e-8","-1.72","-","66.97","1e-8","0","bin218.log"
"Oct 12 2012","2456213","371736001","73.46","7.78e-8","1.89e-8","-1.72","-","61.30","1e-8","0","bin219.log"
"Oct 19 2012","2456220","372340801","114.38","8.66e-8","1.77e-8","-1.72","-","55.58","1e-8","0","bin220.log"
"Oct 26 2012","2456227","372945601","78.09","7.08e-8","1.82e-8","-1.72","-","49.79","1e-8","0","bin221.log"
"Nov 02 2012","2456233","373550401","52.02","5.08e-8","1.49e-8","-1.72","-","43.92","1e-8","0","bin222.log"
"Nov 09 2012","2456240","374155201","41.59","4.44e-8","1.42e-8","-1.72","-","37.97","1e-8","0","bin223.log"
"Nov 16 2012","2456247","374760001","48.27","6.62e-8","1.89e-8","-1.72","-","32.00","1e-8","0","bin224.log"
"Nov 23 2012","2456254","375364801","15.99","2.45e-8","1.31e-8","-1.72","-","26.15","1e-8","0","bin225.log"
"Nov 30 2012","2456261","375969601","11.32","2.03e-8","1.14e-8","-1.72","-","20.71","1e-8","0","bin226.log"
"Dec 07 2012","2456269","376574401","51.22","7.03e-8","1.76e-8","-1.72","-","16.43","1e-8","0","bin227.log"
"Dec 14 2012","2456276","377179201","76.29","5.76e-8","1.55e-8","-1.72","-","14.68","1e-8","0","bin228.log"
"Dec 21 2012","2456283","377784001","123.95","9.95e-8","2.07e-8","-1.72","-","16.54","1e-8","0","bin229.log"
"Dec 28 2012","2456290","378388801","50.64","5.53e-8","1.57e-8","-1.72","-","21.20","1e-8","0","bin230.log"
"Jan 04 2013","2456296","378993601","120.24","9.99e-8","2.03e-8","-1.72","-","27.32","1e-8","0","bin231.log"
"Jan 11 2013","2456303","379598401","78.05","8.89e-8","1.94e-8","-1.72","-","34.11","1e-8","0","bin232.log"
"Jan 18 2013","2456310","380203201","94.34","6.81e-8","1.66e-8","-1.72","-","41.20","1e-8","0","bin233.log"
"Jan 25 2013","2456317","380808001","87.57","7.81e-8","1.81e-8","-1.72","-","48.42","1e-8","0","bin234.log"
"Feb 01 2013","2456324","381412801","113.39","7.71e-8","1.72e-8","-1.72","-","55.67","1e-8","0","bin235.log"
"Feb 08 2013","2456331","382017601","48.34","4.76e-8","1.46e-8","-1.72","-","62.88","1e-8","0","bin236.log"
"Feb 15 2013","2456338","382622401","105.98","8.71e-8","1.98e-8","-1.72","-","70.02","1e-8","0","bin237.log"
"Feb 22 2013","2456345","383227201","106.56","4.96e-8","1.32e-8","-1.72","-","77.09","1e-8","0","bin238.log"
"Mar 01 2013","2456354","383832001","57.71","5.56e-8","1.54e-8","-1.72","-","84.07","1e-8","0","bin239.log"
"Mar 08 2013","2456361","384436801","24.18","4.24e-8","1.62e-8","-1.72","-","90.97","1e-8","0","bin240.log"
"Mar 15 2013","2456368","385041601","70.07","8.35e-8","1.93e-8","-1.72","-","97.82","1e-8","0","bin241.log"
"Mar 22 2013","2456375","385646401","54.36","4.92e-8","1.46e-8","-1.72","-","104.61","1e-8","0","bin242.log"
"Mar 29 2013","2456382","386251201","45.79","4.76e-8","1.50e-8","-1.72","-","111.37","1e-8","0","bin243.log"
"Apr 05 2013","2456389","386856001","7.64","2.03e-8","1.23e-8","-1.72","-","118.13","1e-8","0","bin244.log"
"Apr 12 2013","2456396","387460801","42.65","3.53e-8","1.20e-8","-1.72","-","124.89","1e-8","0","bin245.log"
"Apr 19 2013","2456403","388065601","28.27","3.76e-8","1.45e-8","-1.72","-","131.67","1e-8","0","bin246.log"
"Apr 26 2013","2456410","388670401","32.81","4.88e-8","1.54e-8","-1.72","-","138.50","1e-8","0","bin247.log"
"May 03 2013","2456417","389275201","6.69","1.85e-8","1.13e-8","-1.72","-","145.38","1e-8","0","bin248.log"
"May 10 2013","2456424","389880001","9.47","1.51e-8","9.46e-9","-1.72","-","152.30","1e-8","0","bin249.log"
"May 17 2013","2456431","390484801","61.12","3.91e-8","1.02e-8","-1.72","-","159.24","1e-8","0","bin250.log"
"May 24 2013","2456438","391089601","0.95","< 4.35e-8","-","-","-","166.11","1e-8","0","bin251.log"
"May 31 2013","2456445","391694401","25.53","3.00e-8","1.21e-8","-1.72","-","172.47","1e-8","0","bin252.log"
"Jun 07 2013","2456451","392299201","60.63","6.48e-8","1.69e-8","-1.72","-","174.97","1e-8","0","bin253.log"
"Jun 14 2013","2456458","392904001","50.55","3.85e-8","1.32e-8","-1.72","-","169.97","1e-8","0","bin254.log"
"Jun 21 2013","2456465","393508801","67.72","5.05e-8","1.58e-8","-1.72","-","163.18","1e-8","0","bin255.log"
"Jun 28 2013","2456472","394113601","110.15","8.01e-8","1.74e-8","-1.72","-","156.12","1e-8","0","bin256.log"
"Jul 05 2013","2456480","394718401","41.03","5.12e-8","1.53e-8","-1.72","-","149.02","1e-8","0","bin257.log"
"Jul 12 2013","2456487","395323201","55.83","5.44e-8","1.64e-8","-1.72","-","141.98","1e-8","0","bin258.log"
"Jul 19 2013","2456494","395928001","95.15","6.09e-8","1.60e-8","-1.72","-","135.05","1e-8","0","bin259.log"
"Jul 26 2013","2456501","396532801","47.69","4.44e-8","1.36e-8","-1.72","-","128.26","1e-8","0","bin260.log"
"Aug 02 2013","2456507","397137601","27.24","3.40e-8","1.38e-8","-1.72","-","121.62","1e-8","0","bin261.log"
"Aug 09 2013","2456514","397742401","34.49","5.63e-8","1.73e-8","-1.72","-","115.14","1e-8","0","bin262.log"
"Aug 16 2013","2456521","398347201","23.42","2.60e-8","1.11e-8","-1.72","-","108.83","1e-8","0","bin263.log"
"Aug 23 2013","2456528","398952001","99.33","7.17e-8","1.63e-8","-1.72","-","102.67","1e-8","0","bin264.log"
"Aug 30 2013","2456535","399556801","79.99","6.89e-8","1.83e-8","-1.72","-","96.66","1e-8","0","bin265.log"
"Sep 06 2013","2456542","400161601","33.07","6.18e-8","1.73e-8","-1.72","-","90.77","1e-8","0","bin266.log"
"Sep 13 2013","2456549","400766401","46.15","4.69e-8","1.55e-8","-1.72","-","84.99","1e-8","0","bin267.log"
"Sep 20 2013","2456556","401371201","55.13","5.77e-8","1.63e-8","-1.72","-","79.28","1e-8","0","bin268.log"
"Sep 27 2013","2456563","401976001","96.22","6.78e-8","1.61e-8","-1.72","-","73.62","1e-8","0","bin269.log"
"Oct 04 2013","2456570","402580801","133.6","1.02e-7","2.07e-8","-1.72","-","67.97","1e-8","0","bin270.log"
"Oct 11 2013","2456577","403185601","56.79","4.76e-8","1.56e-8","-1.72","-","62.31","1e-8","0","bin271.log"
"Oct 18 2013","2456584","403790401","141.36","1.14e-7","2.25e-8","-1.72","-","56.60","1e-8","0","bin272.log"
"Oct 25 2013","2456591","404395201","43.98","5.44e-8","1.99e-8","-1.72","-","50.82","1e-8","0","bin273.log"
"Nov 01 2013","2456598","405000001","97.37","7.11e-8","1.75e-8","-1.72","-","44.97","1e-8","0","bin274.log"
"Nov 08 2013","2456605","405604801","92.75","8.96e-8","1.92e-8","-1.72","-","39.03","1e-8","0","bin275.log"
"Nov 15 2013","2456612","406209601","145.04","8.81e-8","1.82e-8","-1.72","-","33.06","1e-8","0","bin276.log"
"Nov 22 2013","2456619","406814401","110.37","8.99e-8","1.87e-8","-1.72","-","27.17","1e-8","0","bin277.log"
"Nov 29 2013","2456626","407419201","64.33","7.22e-8","1.82e-8","-1.72","-","21.62","1e-8","0","bin278.log"
"Dec 06 2013","2456633","408024001","46.53","7.04e-8","2.25e-8","-1.72","-","17.05","1e-8","0","bin279.log"
"Dec 13 2013","2456640","408628801","43.07","5.38e-8","1.95e-8","-1.72","-","14.74","1e-8","0","bin280.log"
"Dec 20 2013","2456647","409233601","58.31","8.20e-8","2.39e-8","-1.72","-","15.96","1e-8","0","bin281.log"
"Dec 27 2013","2456654","409838401","66.99","7.01e-8","2.12e-8","-1.72","-","20.24","1e-8","0","bin282.log"
"Jan 03 2014","2456660","410443201","73.78","6.67e-8","1.59e-8","-1.72","-","26.17","1e-8","0","bin283.log"
"Jan 10 2014","2456667","411048001","135.28","4.97e-8","1.04e-8","-1.72","-","32.87","1e-8","0","bin284.log"
"Jan 17 2014","2456674","411652801","357.92","9.52e-8","1.19e-8","-1.72","-","39.93","1e-8","0","bin285.log"
"Jan 24 2014","2456681","412257601","169.43","6.75e-8","1.22e-8","-1.72","-","47.14","1e-8","0","bin286.log"
"Jan 31 2014","2456688","412862401","122.86","5.90e-8","1.16e-8","-1.72","-","54.38","1e-8","0","bin287.log"
"Feb 07 2014","2456695","413467201","119.97","7.69e-8","1.55e-8","-1.72","-","61.60","1e-8","0","bin288.log"
"Feb 14 2014","2456702","414072001","41.19","4.54e-8","1.80e-8","-1.72","-","68.76","1e-8","0","bin289.log"
"Feb 21 2014","2456709","414676801","61.82","7.02e-8","1.94e-8","-1.72","-","75.84","1e-8","0","bin290.log"
"Feb 28 2014","2456716","415281601","85.71","5.51e-8","1.49e-8","-1.72","-","82.83","1e-8","0","bin291.log"
"Mar 07 2014","2456725","415886401","205.06","6.36e-8","1.07e-8","-1.72","-","89.75","1e-8","0","bin292.log"
"Mar 14 2014","2456732","416491201","114.31","4.66e-8","1.09e-8","-1.72","-","96.60","1e-8","0","bin293.log"
"Mar 21 2014","2456739","417096001","172.91","7.68e-8","1.29e-8","-1.72","-","103.41","1e-8","0","bin294.log"
"Mar 28 2014","2456746","417700801","147.43","9.12e-8","1.70e-8","-1.72","-","110.17","1e-8","0","bin295.log"
"Apr 04 2014","2456753","418305601","52.8","5.21e-8","1.65e-8","-1.72","-","116.93","1e-8","0","bin296.log"
"Apr 11 2014","2456760","418910401","22.69","4.99e-8","1.85e-8","-1.72","-","123.68","1e-8","0","bin297.log"
"Apr 18 2014","2456767","419515201","69.89","6.57e-8","1.66e-8","-1.72","-","130.46","1e-8","0","bin298.log"
"Apr 25 2014","2456774","420120001","57.27","5.46e-8","1.48e-8","-1.72","-","137.28","1e-8","0","bin299.log"
"May 02 2014","2456781","420724801","71.24","6.37e-8","1.59e-8","-1.72","-","144.15","1e-8","0","bin300.log"
"May 09 2014","2456788","421329601","85.29","6.37e-8","1.65e-8","-1.72","-","151.07","1e-8","0","bin301.log"
"May 16 2014","2456795","421934401","145.66","1.05e-7","2.03e-8","-1.72","-","158.01","1e-8","0","bin302.log"
"May 23 2014","2456802","422539201","139.05","7.12e-8","1.55e-8","-1.72","-","164.91","1e-8","0","bin303.log"
"May 30 2014","2456809","423144001","39.82","6.52e-8","2.14e-8","-1.72","-","171.44","1e-8","0","bin304.log"
"Jun 06 2014","2456816","423748801","19.48","6.31e-8","2.89e-8","-1.72","-","175.19","1e-8","0","bin305.log"
"Jun 13 2014","2456823","424353601","68.54","1.01e-7","2.76e-8","-1.72","-","171.09","1e-8","0","bin306.log"
"Jun 20 2014","2456830","424958401","64.76","8.24e-8","2.09e-8","-1.72","-","164.42","1e-8","0","bin307.log"
"Jun 27 2014","2456837","425563201","21.78","3.37e-8","1.45e-8","-1.72","-","157.38","1e-8","0","bin308.log"
"Jul 04 2014","2456844","426168001","67.9","6.14e-8","1.82e-8","-1.72","-","150.28","1e-8","0","bin309.log"
"Jul 11 2014","2456851","426772801","146.59","8.52e-8","1.62e-8","-1.72","-","143.23","1e-8","0","bin310.log"
"Jul 18 2014","2456858","427377601","100.11","9.44e-8","1.93e-8","-1.72","-","136.27","1e-8","0","bin311.log"
"Jul 25 2014","2456865","427982401","67.68","7.02e-8","1.95e-8","-1.72","-","129.45","1e-8","0","bin312.log"
"Aug 01 2014","2456872","428587201","105.19","8.35e-8","1.88e-8","-1.72","-","122.78","1e-8","0","bin313.log"
"Aug 08 2014","2456879","429192001","145.48","7.24e-8","1.33e-8","-1.72","-","116.28","1e-8","0","bin314.log"
"Aug 15 2014","2456886","429796801","395.13","1.03e-7","1.23e-8","-1.72","-","109.94","1e-8","0","bin315.log"
"Aug 22 2014","2456893","430401601","182.91","8.47e-8","1.47e-8","-1.72","-","103.75","1e-8","0","bin316.log"
"Aug 29 2014","2456900","431006401","151.81","6.59e-8","1.21e-8","-1.72","-","97.72","1e-8","0","bin317.log"
"Sep 05 2014","2456906","431611201","80.46","7.27e-8","1.55e-8","-1.72","-","91.81","1e-8","0","bin318.log"
"Sep 12 2014","2456913","432216001","121.46","1.17e-7","2.24e-8","-1.72","-","86.01","1e-8","0","bin319.log"
"Sep 19 2014","2456920","432820801","106.52","1.04e-7","2.33e-8","-1.72","-","80.29","1e-8","0","bin320.log"
"Sep 26 2014","2456927","433425601","140.86","8.10e-8","1.57e-8","-1.72","-","74.62","1e-8","0","bin321.log"
"Oct 03 2014","2456934","434030401","264.18","8.52e-8","1.25e-8","-1.72","-","68.98","1e-8","0","bin322.log"
"Oct 10 2014","2456941","434635201","825.89","1.61e-7","1.40e-8","-1.72","-","63.32","1e-8","0","bin323.log"
"Oct 17 2014","2456948","435240001","483.75","1.36e-7","1.50e-8","-1.72","-","57.62","1e-8","0","bin324.log"
"Oct 24 2014","2456955","435844801","131.22","6.95e-8","1.41e-8","-1.72","-","51.86","1e-8","0","bin325.log"
"Oct 31 2014","2456962","436449601","88.22","5.73e-8","1.49e-8","-1.72","-","46.01","1e-8","0","bin326.log"
"Nov 07 2014","2456969","437054401","18.54","5.16e-8","1.90e-8","-1.72","-","40.09","1e-8","0","bin327.log"
"Nov 14 2014","2456976","437659201","79","7.99e-8","1.97e-8","-1.72","-","34.12","1e-8","0","bin328.log"
"Nov 21 2014","2456983","438264001","160.86","9.47e-8","1.61e-8","-1.72","-","28.20","1e-8","0","bin329.log"
"Nov 28 2014","2456990","438868801","129.98","5.72e-8","1.04e-8","-1.72","-","22.56","1e-8","0","bin330.log"
"Dec 05 2014","2456997","439473601","29.39","4.31e-8","1.27e-8","-1.72","-","17.75","1e-8","0","bin331.log"
"Dec 12 2014","2457004","440078401","29.6","6.56e-8","2.08e-8","-1.72","-","14.91","1e-8","0","bin332.log"
"Dec 19 2014","2457011","440683201","50.31","5.05e-8","1.47e-8","-1.72","-","15.48","1e-8","0","bin333.log"
"Dec 26 2014","2457018","441288001","73.22","5.19e-8","1.50e-8","-1.72","-","19.32","1e-8","0","bin334.log"
"Jan 02 2015","2457025","441892801","52.55","4.85e-8","1.52e-8","-1.72","-","25.04","1e-8","0","bin335.log"
"Jan 09 2015","2457032","442497601","261.51","1.44e-7","2.20e-8","-1.72","-","31.64","1e-8","0","bin336.log"
"Jan 16 2015","2457039","443102401","106.62","7.17e-8","1.67e-8","-1.72","-","38.66","1e-8","0","bin337.log"
"Jan 23 2015","2457046","443707201","97.66","6.95e-8","1.69e-8","-1.72","-","45.85","1e-8","0","bin338.log"
"Jan 30 2015","2457053","444312001","5.88","1.49e-8","1.21e-8","-1.72","-","53.10","1e-8","0","bin339.log"
"Feb 06 2015","2457059","444916801","146.52","9.33e-8","1.78e-8","-1.72","-","60.32","1e-8","0","bin340.log"
"Feb 13 2015","2457066","445521601","263.26","1.26e-7","2.00e-8","-1.72","-","67.49","1e-8","0","bin341.log"
"Feb 20 2015","2457073","446126401","160.47","8.70e-8","1.84e-8","-1.72","-","74.58","1e-8","0","bin342.log"
"Feb 27 2015","2457080","446731201","53.47","4.44e-8","1.41e-8","-1.72","-","81.60","1e-8","0","bin343.log"
"Mar 06 2015","2457090","447336001","93.19","6.86e-8","1.67e-8","-1.72","-","88.53","1e-8","0","bin344.log"
"Mar 13 2015","2457097","447940801","129.3","1.01e-7","1.90e-8","-1.72","-","95.39","1e-8","0","bin345.log"
"Mar 20 2015","2457104","448545601","98.88","6.48e-8","1.55e-8","-1.72","-","102.20","1e-8","0","bin346.log"
"Mar 27 2015","2457111","449150401","44.4","2.75e-8","9.50e-9","-1.72","-","108.97","1e-8","0","bin347.log"
"Apr 03 2015","2457117","449755201","97.14","7.21e-8","1.64e-8","-1.72","-","115.73","1e-8","0","bin348.log"
"Apr 10 2015","2457124","450360001","120.43","7.23e-8","1.64e-8","-1.72","-","122.48","1e-8","0","bin349.log"
"Apr 17 2015","2457131","450964801","133.25","7.57e-8","1.75e-8","-1.72","-","129.26","1e-8","0","bin350.log"
"Apr 24 2015","2457138","451569601","58.35","3.65e-8","1.16e-8","-1.72","-","136.07","1e-8","0","bin351.log"
"May 01 2015","2457145","452174401","104.56","8.72e-8","1.80e-8","-1.72","-","142.93","1e-8","0","bin352.log"
"May 08 2015","2457152","452779201","68.41","5.30e-8","1.50e-8","-1.72","-","149.83","1e-8","0","bin353.log"
"May 15 2015","2457159","453384001","70.32","6.77e-8","1.72e-8","-1.72","-","156.78","1e-8","0","bin354.log"
"May 22 2015","2457166","453988801","120.6","1.13e-7","2.29e-8","-1.72","-","163.69","1e-8","0","bin355.log"
"May 29 2015","2457173","454593601","108.02","9.22e-8","1.89e-8","-1.72","-","170.35","1e-8","0","bin356.log"
"Jun 05 2015","2457180","455198401","57.5","6.07e-8","1.60e-8","-1.72","-","175.07","1e-8","0","bin357.log"
"Jun 12 2015","2457187","455803201","123.19","9.12e-8","1.96e-8","-1.72","-","172.15","1e-8","0","bin358.log"
"Jun 19 2015","2457194","456408001","68.73","5.64e-8","1.91e-8","-1.72","-","165.65","1e-8","0","bin359.log"
"Jun 26 2015","2457201","457012801","41.4","6.10e-8","1.79e-8","-1.72","-","158.63","1e-8","0","bin360.log"
"Jul 03 2015","2457208","457617601","32.07","3.94e-8","1.56e-8","-1.72","-","151.54","1e-8","0","bin361.log"
"Jul 10 2015","2457215","458222401","46.31","4.73e-8","1.56e-8","-1.72","-","144.47","1e-8","0","bin362.log"
"Jul 17 2015","2457222","458827201","72.92","5.87e-8","1.59e-8","-1.72","-","137.50","1e-8","0","bin363.log"
"Jul 24 2015","2457229","459432001","89.63","7.50e-8","1.66e-8","-1.72","-","130.65","1e-8","0","bin364.log"
"Jul 31 2015","2457236","460036801","123.84","8.44e-8","1.87e-8","-1.72","-","123.96","1e-8","0","bin365.log"
"Aug 07 2015","2457243","460641601","92.36","7.28e-8","1.82e-8","-1.72","-","117.42","1e-8","0","bin366.log"
"Aug 14 2015","2457250","461246401","113.55","6.70e-8","1.58e-8","-1.72","-","111.05","1e-8","0","bin367.log"
"Aug 21 2015","2457257","461851201","65.07","5.95e-8","1.71e-8","-1.72","-","104.84","1e-8","0","bin368.log"
"Aug 28 2015","2457264","462456001","82.04","8.21e-8","1.87e-8","-1.72","-","98.78","1e-8","0","bin369.log"
"Sep 04 2015","2457270","463060801","51.35","4.29e-8","1.43e-8","-1.72","-","92.85","1e-8","0","bin370.log"
"Sep 11 2015","2457277","463665601","158.2","1.25e-7","2.20e-8","-1.72","-","87.04","1e-8","0","bin371.log"
"Sep 18 2015","2457284","464270401","190.79","1.21e-7","2.13e-8","-1.72","-","81.30","1e-8","0","bin372.log"
"Sep 25 2015","2457291","464875201","125.09","9.55e-8","1.96e-8","-1.72","-","75.63","1e-8","0","bin373.log"
"Oct 02 2015","2457299","465480001","84.23","8.68e-8","1.88e-8","-1.72","-","69.98","1e-8","0","bin374.log"
"Oct 09 2015","2457306","466084801","50.93","6.44e-8","1.81e-8","-1.72","-","64.32","1e-8","0","bin375.log"
"Oct 16 2015","2457313","466689601","99.44","8.45e-8","1.87e-8","-1.72","-","58.64","1e-8","0","bin376.log"
"Oct 23 2015","2457320","467294401","52.32","6.00e-8","1.74e-8","-1.72","-","52.89","1e-8","0","bin377.log"
"Oct 30 2015","2457327","467899201","73.74","4.58e-8","1.41e-8","-1.72","-","47.06","1e-8","0","bin378.log"
"Nov 06 2015","2457333","468504001","171.29","8.94e-8","1.76e-8","-1.72","-","41.15","1e-8","0","bin379.log"
"Nov 13 2015","2457340","469108801","53.85","6.19e-8","1.73e-8","-1.72","-","35.18","1e-8","0","bin380.log"
"Nov 20 2015","2457347","469713601","88.28","6.77e-8","1.70e-8","-1.72","-","29.24","1e-8","0","bin381.log"
"Nov 27 2015","2457354","470318401","44.56","5.01e-8","1.58e-8","-1.72","-","23.53","1e-8","0","bin382.log"
"Dec 04 2015","2457362","470923201","35.61","4.78e-8","1.55e-8","-1.72","-","18.50","1e-8","0","bin383.log"
"Dec 11 2015","2457369","471528001","40.41","5.01e-8","1.60e-8","-1.72","-","15.20","1e-8","0","bin384.log"
"Dec 18 2015","2457376","472132801","26.9","5.41e-8","1.73e-8","-1.72","-","15.11","1e-8","0","bin385.log"
"Dec 25 2015","2457383","472737601","57.9","5.68e-8","1.54e-8","-1.72","-","18.46","1e-8","0","bin386.log"
"Jan 01 2016","2457389","473342401","127.78","7.18e-8","1.67e-8","-1.72","-","23.94","1e-8","0","bin387.log"
"Jan 08 2016","2457396","473947201","79.75","6.15e-8","1.65e-8","-1.72","-","30.43","1e-8","0","bin388.log"
"Jan 15 2016","2457403","474552001","105.19","5.87e-8","1.54e-8","-1.72","-","37.39","1e-8","0","bin389.log"
"Jan 22 2016","2457410","475156801","113.16","8.24e-8","1.82e-8","-1.72","-","44.57","1e-8","0","bin390.log"
"Jan 29 2016","2457417","475761601","149.07","1.01e-7","1.95e-8","-1.72","-","51.81","1e-8","0","bin391.log"
"Feb 05 2016","2457423","476366401","181.52","1.15e-7","2.01e-8","-1.72","-","59.04","1e-8","0","bin392.log"
"Feb 12 2016","2457430","476971201","94.74","7.00e-8","1.60e-8","-1.72","-","66.22","1e-8","0","bin393.log"
"Feb 19 2016","2457437","477576001","70.43","7.34e-8","1.69e-8","-1.72","-","73.33","1e-8","0","bin394.log"
"Feb 26 2016","2457444","478180801","184.63","1.07e-7","2.01e-8","-1.72","-","80.36","1e-8","0","bin395.log"
"Mar 04 2016","2457453","478785601","129.94","9.45e-8","1.90e-8","-1.72","-","87.30","1e-8","0","bin396.log"
"Mar 11 2016","2457460","479390401","67.4","5.65e-8","1.48e-8","-1.72","-","94.18","1e-8","0","bin397.log"
"Mar 18 2016","2457467","479995201","118.64","8.48e-8","1.75e-8","-1.72","-","100.99","1e-8","0","bin398.log"
"Mar 25 2016","2457474","480600001","33.41","2.54e-8","1.17e-8","-1.72","-","107.77","1e-8","0","bin399.log"
"Apr 01 2016","2457480","481204801","97.68","7.99e-8","1.81e-8","-1.72","-","114.53","1e-8","0","bin400.log"
"Apr 08 2016","2457487","481809601","85.44","7.65e-8","1.71e-8","-1.72","-","121.28","1e-8","0","bin401.log"
"Apr 15 2016","2457494","482414401","101.24","6.52e-8","1.60e-8","-1.72","-","128.05","1e-8","0","bin402.log"
"Apr 22 2016","2457501","483019201","52.85","6.33e-8","1.84e-8","-1.72","-","134.86","1e-8","0","bin403.log"
"Apr 29 2016","2457508","483624001","73.36","5.45e-8","1.30e-8","-1.72","-","141.70","1e-8","0","bin404.log"
"May 06 2016","2457516","484228801","86.36","7.55e-8","1.66e-8","-1.72","-","148.60","1e-8","0","bin405.log"
"May 13 2016","2457523","484833601","53.41","3.63e-8","1.20e-8","-1.72","-","155.54","1e-8","0","bin406.log"
"May 20 2016","2457530","485438401","71.95","7.55e-8","1.85e-8","-1.72","-","162.47","1e-8","0","bin407.log"
"May 27 2016","2457537","486043201","34.59","4.10e-8","1.37e-8","-1.72","-","169.22","1e-8","0","bin408.log"
"Jun 03 2016","2457543","486648001","33.85","4.18e-8","1.35e-8","-1.72","-","174.63","1e-8","0","bin409.log"
"Jun 10 2016","2457550","487252801","69.21","6.73e-8","1.77e-8","-1.72","-","173.13","1e-8","0","bin410.log"
"Jun 17 2016","2457557","487857601","37.67","6.24e-8","1.94e-8","-1.72","-","166.86","1e-8","0","bin411.log"
"Jun 24 2016","2457564","488462401","27.76","3.04e-8","1.29e-8","-1.72","-","159.89","1e-8","0","bin412.log"
"Jul 01 2016","2457572","489067201","19.19","2.92e-8","1.27e-8","-1.72","-","152.80","1e-8","0","bin413.log"
"Jul 08 2016","2457579","489672001","16.34","3.06e-8","1.40e-8","-1.72","-","145.72","1e-8","0","bin414.log"
"Jul 15 2016","2457586","490276801","35.26","3.81e-8","1.36e-8","-1.72","-","138.73","1e-8","0","bin415.log"
"Jul 22 2016","2457593","490881601","65.33","7.10e-8","1.83e-8","-1.72","-","131.86","1e-8","0","bin416.log"
"Jul 29 2016","2457600","491486401","44.7","4.60e-8","1.42e-8","-1.72","-","125.13","1e-8","0","bin417.log"
"Aug 05 2016","2457606","492091201","0","< 1.51e-7","-","-","-","118.57","1e-8","0","bin418.log"
"Aug 12 2016","2457613","492696001","39.19","4.60e-8","1.39e-8","-1.72","-","112.17","1e-8","0","bin419.log"
"Aug 19 2016","2457620","493300801","24.09","4.18e-8","1.54e-8","-1.72","-","105.93","1e-8","0","bin420.log"
"Aug 26 2016","2457627","493905601","50.11","5.28e-8","1.68e-8","-1.72","-","99.85","1e-8","0","bin421.log"
"Sep 02 2016","2457633","494510401","0.31","< 3.21e-8","-","-","-","93.90","1e-8","0","bin422.log"
"Sep 09 2016","2457640","495115201","9.37","2.73e-8","1.30e-8","-1.72","-","88.06","1e-8","0","bin423.log"
"Sep 16 2016","2457647","495720001","69.38","6.85e-8","1.71e-8","-1.72","-","82.32","1e-8","0","bin424.log"
"Sep 23 2016","2457654","496324801","6.84","1.56e-8","9.48e-9","-1.72","-","76.63","1e-8","0","bin425.log"
"Sep 30 2016","2457661","496929601","19.58","3.79e-8","1.84e-8","-1.72","-","70.98","1e-8","0","bin426.log"
"Oct 07 2016","2457669","497534401","121.37","8.63e-8","1.86e-8","-1.72","-","65.33","1e-8","0","bin427.log"
"Oct 14 2016","2457676","498139201","29.31","3.79e-8","1.36e-8","-1.72","-","59.65","1e-8","0","bin428.log"
"Oct 21 2016","2457683","498744001","48.04","4.62e-8","1.50e-8","-1.72","-","53.91","1e-8","0","bin429.log"
"Oct 28 2016","2457690","499348801","31.73","3.55e-8","1.04e-8","-1.72","-","48.10","1e-8","0","bin430.log"
"Nov 04 2016","2457696","499953601","41.27","3.26e-8","1.02e-8","-1.72","-","42.20","1e-8","0","bin431.log"
"Nov 11 2016","2457703","500558401","18.9","4.77e-8","1.71e-8","-1.72","-","36.24","1e-8","0","bin432.log"
"Nov 18 2016","2457710","501163201","57.99","5.27e-8","1.56e-8","-1.72","-","30.29","1e-8","0","bin433.log"
"Nov 25 2016","2457717","501768001","40.24","4.92e-8","1.49e-8","-1.72","-","24.51","1e-8","0","bin434.log"
"Dec 02 2016","2457725","502372801","35.34","4.00e-8","1.39e-8","-1.72","-","19.31","1e-8","0","bin435.log"
"Dec 09 2016","2457732","502977601","18.01","3.26e-8","1.35e-8","-1.72","-","15.59","1e-8","0","bin436.log"
"Dec 16 2016","2457739","503582401","15.2","1.79e-8","1.06e-8","-1.72","-","14.85","1e-8","0","bin437.log"
"Dec 23 2016","2457746","504187201","30.55","3.87e-8","1.48e-8","-1.72","-","17.67","1e-8","0","bin438.log"
"Dec 30 2016","2457753","504792001","12.35","2.45e-8","1.21e-8","-1.72","-","22.87","1e-8","0","bin439.log"
"Jan 06 2017","2457759","505396801","48.42","5.67e-8","1.70e-8","-1.72","-","29.23","1e-8","0","bin440.log"
"Jan 13 2017","2457766","506001601","5.97","1.45e-8","1.13e-8","-1.72","-","36.14","1e-8","0","bin441.log"
"Jan 20 2017","2457773","506606401","10.54","1.97e-8","1.09e-8","-1.72","-","43.28","1e-8","0","bin442.log"
"Jan 27 2017","2457780","507211201","15.93","1.95e-8","1.02e-8","-1.72","-","50.52","1e-8","0","bin443.log"
"Feb 03 2017","2457787","507816001","1.31","< 2.81e-8","-","-","-","57.76","1e-8","0","bin444.log"
"Feb 10 2017","2457794","508420801","19.89","2.15e-8","1.05e-8","-1.72","-","64.95","1e-8","0","bin445.log"
"Feb 17 2017","2457801","509025601","21.03","3.36e-8","1.36e-8","-1.72","-","72.07","1e-8","0","bin446.log"
"Feb 24 2017","2457808","509630401","20.22","3.46e-8","1.40e-8","-1.72","-","79.11","1e-8","0","bin447.log"
"Mar 03 2017","2457817","510235201","32.22","4.71e-8","1.52e-8","-1.72","-","86.07","1e-8","0","bin448.log"
"Mar 10 2017","2457824","510840001","7.92","1.35e-8","9.93e-9","-1.72","-","92.96","1e-8","0","bin449.log"
"Mar 17 2017","2457831","511444801","19.46","3.17e-8","1.29e-8","-1.72","-","99.78","1e-8","0","bin450.log"
"Mar 24 2017","2457838","512049601","20.59","3.32e-8","1.35e-8","-1.72","-","106.57","1e-8","0","bin451.log"
"Mar 31 2017","2457845","512654401","15.46","2.00e-8","1.02e-8","-1.72","-","113.33","1e-8","0","bin452.log"
"Apr 07 2017","2457852","513259201","20.62","4.48e-8","1.98e-8","-1.72","-","120.08","1e-8","0","bin453.log"
"Apr 14 2017","2457859","513864001","22.62","3.77e-8","1.49e-8","-1.72","-","126.85","1e-8","0","bin454.log"
"Apr 21 2017","2457866","514468801","38.64","4.30e-8","1.41e-8","-1.72","-","133.64","1e-8","0","bin455.log"
"Apr 28 2017","2457873","515073601","54.13","6.03e-8","1.73e-8","-1.72","-","140.48","1e-8","0","bin456.log"
"May 05 2017","2457880","515678401","48.79","5.16e-8","1.47e-8","-1.72","-","147.37","1e-8","0","bin457.log"
"May 12 2017","2457887","516283201","33.35","4.04e-8","1.46e-8","-1.72","-","154.31","1e-8","0","bin458.log"
"May 19 2017","2457894","516888001","9.3","1.82e-8","1.18e-8","-1.72","-","161.25","1e-8","0","bin459.log"
"May 26 2017","2457901","517492801","20.77","2.16e-8","1.10e-8","-1.72","-","168.05","1e-8","0","bin460.log"
"Jun 02 2017","2457907","518097601","23.15","3.22e-8","1.29e-8","-1.72","-","173.95","1e-8","0","bin461.log"
"Jun 09 2017","2457914","518702401","42.57","5.43e-8","1.65e-8","-1.72","-","173.99","1e-8","0","bin462.log"
"Jun 16 2017","2457921","519307201","27.99","2.76e-8","1.12e-8","-1.72","-","168.06","1e-8","0","bin463.log"
"Jun 23 2017","2457928","519912001","15.75","2.59e-8","1.26e-8","-1.72","-","161.15","1e-8","0","bin464.log"
"Jun 30 2017","2457935","520516801","0.19","< 3.04e-8","-","-","-","154.06","1e-8","0","bin465.log"
"Jul 07 2017","2457943","521121601","9.05","1.57e-8","1.16e-8","-1.72","-","146.97","1e-8","0","bin466.log"
"Jul 14 2017","2457950","521726401","3.27","< 2.36e-8","-","-","-","139.96","1e-8","0","bin467.log"
"Jul 21 2017","2457957","522331201","18.71","1.71e-8","9.89e-9","-1.72","-","133.07","1e-8","0","bin468.log"
"Jul 28 2017","2457964","522936001","55.25","5.26e-8","1.49e-8","-1.72","-","126.32","1e-8","0","bin469.log"
"Aug 04 2017","2457970","523540801","42.88","4.97e-8","1.59e-8","-1.72","-","119.72","1e-8","0","bin470.log"
"Aug 11 2017","2457977","524145601","25.87","3.49e-8","1.31e-8","-1.72","-","113.30","1e-8","0","bin471.log"
"Aug 18 2017","2457984","524750401","0","< 1.50e-8","-","-","-","107.03","1e-8","0","bin472.log"
"Aug 25 2017","2457991","525355201","34.34","3.31e-8","1.33e-8","-1.72","-","100.92","1e-8","0","bin473.log"
"Sep 01 2017","2457998","525960001","0","< 2.24e-8","-","-","-","94.95","1e-8","0","bin474.log"
"Sep 08 2017","2458005","526564801","18.19","2.34e-8","1.25e-8","-1.72","-","89.09","1e-8","0","bin475.log"
"Sep 15 2017","2458012","527169601","41.14","4.00e-8","1.25e-8","-1.72","-","83.33","1e-8","0","bin476.log"
"Sep 22 2017","2458019","527774401","20.31","2.60e-8","1.18e-8","-1.72","-","77.64","1e-8","0","bin477.log"
"Sep 29 2017","2458026","528379201","23.7","3.48e-8","1.37e-8","-1.72","-","71.99","1e-8","0","bin478.log"
"Oct 06 2017","2458033","528984001","0","< 2.72e-8","-","-","-","66.34","1e-8","0","bin479.log"
"Oct 13 2017","2458040","529588801","7.39","1.98e-8","1.18e-8","-1.72","-","60.66","1e-8","0","bin480.log"
"Oct 20 2017","2458047","530193601","13.74","2.79e-8","1.25e-8","-1.72","-","54.94","1e-8","0","bin481.log"
"Oct 27 2017","2458054","530798401","3.7","< 4.43e-8","-","-","-","49.14","1e-8","0","bin482.log"
"Nov 03 2017","2458061","531403201","13.02","2.05e-8","1.16e-8","-1.72","-","43.26","1e-8","0","bin483.log"
"Nov 10 2017","2458068","532008001","2.21","< 3.93e-8","-","-","-","37.31","1e-8","0","bin484.log"
"Nov 17 2017","2458075","532612801","36.92","3.41e-8","1.25e-8","-1.72","-","31.34","1e-8","0","bin485.log"
"Nov 24 2017","2458082","533217601","42.76","4.37e-8","1.48e-8","-1.72","-","25.51","1e-8","0","bin486.log"
"Dec 01 2017","2458089","533822401","52.79","5.26e-8","1.50e-8","-1.72","-","20.16","1e-8","0","bin487.log"
"Dec 08 2017","2458096","534427201","24.2","3.47e-8","1.31e-8","-1.72","-","16.08","1e-8","0","bin488.log"
"Dec 15 2017","2458103","535032001","19.77","3.67e-8","1.49e-8","-1.72","-","14.71","1e-8","0","bin489.log"
"Dec 22 2017","2458110","535636801","25.3","4.71e-8","1.73e-8","-1.72","-","16.95","1e-8","0","bin490.log"
"Dec 29 2017","2458117","536241601","47.53","4.26e-8","1.34e-8","-1.72","-","21.83","1e-8","0","bin491.log"
"Jan 05 2018","2458123","536846401","16.2","1.88e-8","1.14e-8","-1.72","-","28.05","1e-8","0","bin492.log"
"Jan 19 2018","2458137","538056001","7.32","2.32e-8","1.61e-8","-1.72","-","42.00","1e-8","0","bin494.log"
"Jan 26 2018","2458144","538660801","6.41","1.02e-8","7.94e-9","-1.72","-","49.23","1e-8","0","bin495.log"
"Feb 02 2018","2458151","539265601","20.12","3.97e-8","1.97e-8","-1.72","-","56.47","1e-8","0","bin496.log"
"Feb 09 2018","2458158","539870401","26.09","3.08e-8","1.27e-8","-1.72","-","63.68","1e-8","0","bin497.log"
"Feb 16 2018","2458165","540475201","28.91","2.92e-8","1.18e-8","-1.72","-","70.81","1e-8","0","bin498.log"
"Feb 23 2018","2458172","541080001","19.87","1.84e-8","9.05e-9","-1.72","-","77.87","1e-8","0","bin499.log"
"Mar 02 2018","2458181","541684801","16.33","2.61e-8","1.19e-8","-1.72","-","84.84","1e-8","0","bin500.log"
"Mar 09 2018","2458188","542289601","5.39","1.83e-8","1.21e-8","-1.72","-","91.74","1e-8","0","bin501.log"
"Mar 16 2018","2458195","542894401","14.99","4.82e-8","2.54e-8","-1.72","-","98.58","1e-8","0","bin502.log"
"Apr 06 2018","2458216","544708801","20.43","3.48e-8","2.35e-8","-1.72","-","118.88","1e-8","0","bin505.log"
"Apr 13 2018","2458223","545313601","0","< 7.60e-8","-","-","-","125.64","1e-8","0","bin506.log"
"Apr 27 2018","2458237","546523201","0.65","< 1.43e-7","-","-","-","139.27","1e-8","0","bin508.log"
"May 04 2018","2458244","547128001","54.57","2.95e-8","9.00e-9","-1.72","-","146.15","1e-8","0","bin509.log"
"May 11 2018","2458251","547732801","2.45","< 2.51e-8","-","-","-","153.07","1e-8","0","bin510.log"
"May 18 2018","2458258","548337601","0.21","< 9.17e-8","-","-","-","160.02","1e-8","0","bin511.log"
"May 25 2018","2458265","548942401","63.23","4.45e-8","1.18e-8","-1.72","-","166.87","1e-8","0","bin512.log"
"Jun 01 2018","2458272","549547201","39.7","4.31e-8","1.19e-8","-1.72","-","173.08","1e-8","0","bin513.log"
"Jun 08 2018","2458279","550152001","49.61","4.15e-8","1.25e-8","-1.72","-","174.67","1e-8","0","bin514.log"
"Jun 22 2018","2458293","551361601","81.54","4.86e-8","1.10e-8","-1.72","-","162.39","1e-8","0","bin516.log"
"Jun 29 2018","2458300","551966401","0","< 7.30e-7","-","-","-","155.32","1e-8","0","bin517.log"
"Jul 06 2018","2458307","552571201","47.03","4.88e-8","1.38e-8","-1.72","-","148.23","1e-8","0","bin518.log"
"Jul 13 2018","2458314","553176001","19.59","1.96e-8","8.40e-9","-1.72","-","141.20","1e-8","0","bin519.log"
"Jul 20 2018","2458321","553780801","23.58","1.81e-8","7.90e-9","-1.72","-","134.28","1e-8","0","bin520.log"
"Jul 27 2018","2458328","554385601","5.33","7.95e-9","8.07e-9","-1.72","-","127.51","1e-8","0","bin521.log"
"Aug 03 2018","2458334","554990401","37.68","2.65e-8","9.20e-9","-1.72","-","120.88","1e-8","0","bin522.log"
"Aug 10 2018","2458341","555595201","56.91","2.93e-8","8.30e-9","-1.72","-","114.42","1e-8","0","bin523.log"
"Aug 17 2018","2458348","556200001","1.72","< 6.43e-8","-","-","-","108.13","1e-8","0","bin524.log"
"Aug 24 2018","2458355","556804801","24.77","2.44e-8","1.11e-8","-1.72","-","101.99","1e-8","0","bin525.log"
"Aug 31 2018","2458362","557409601","50.55","4.23e-8","1.18e-8","-1.72","-","96.00","1e-8","0","bin526.log"
"Sep 07 2018","2458369","558014401","30.26","6.14e-8","2.19e-8","-1.72","-","90.12","1e-8","0","bin527.log"
"Sep 14 2018","2458376","558619201","41.77","3.19e-8","1.14e-8","-1.72","-","84.35","1e-8","0","bin528.log"
"Sep 21 2018","2458383","559224001","81.25","4.90e-8","1.18e-8","-1.72","-","78.65","1e-8","0","bin529.log"
"Sep 28 2018","2458390","559828801","47.96","3.40e-8","9.60e-9","-1.72","-","72.99","1e-8","0","bin530.log"
"Oct 05 2018","2458397","560433601","42.55","4.81e-8","1.30e-8","-1.72","-","67.34","1e-8","0","bin531.log"
"Oct 26 2018","2458418","562248001","18.57","1.53e-8","7.68e-9","-1.72","-","50.17","1e-8","0","bin534.log"
"Nov 02 2018","2458425","562852801","11.29","2.69e-8","1.13e-8","-1.72","-","44.31","1e-8","0","bin535.log"
"Nov 09 2018","2458432","563457601","51.25","3.10e-8","1.03e-8","-1.72","-","38.37","1e-8","0","bin536.log"
"Nov 16 2018","2458439","564062401","42.49","3.07e-8","9.60e-9","-1.72","-","32.40","1e-8","0","bin537.log"
"Nov 23 2018","2458446","564667201","59.62","3.15e-8","8.40e-9","-1.72","-","26.53","1e-8","0","bin538.log"
"Nov 30 2018","2458453","565272001","22.23","2.47e-8","1.20e-8","-1.72","-","21.05","1e-8","0","bin539.log"
"Dec 07 2018","2458460","565876801","32.43","1.85e-8","7.70e-9","-1.72","-","16.65","1e-8","0","bin540.log"
"Dec 14 2018","2458467","566481601","36.51","2.98e-8","9.10e-9","-1.72","-","14.69","1e-8","0","bin541.log"
"Dec 21 2018","2458474","567086401","29.92","2.64e-8","8.50e-9","-1.72","-","16.31","1e-8","0","bin542.log"
"Dec 28 2018","2458481","567691201","27.08","1.80e-8","7.50e-9","-1.72","-","20.84","1e-8","0","bin543.log"
"Jan 04 2019","2458488","568296001","33.54","1.84e-8","8.10e-9","-1.72","-","26.89","1e-8","0","bin544.log"
"Jan 11 2019","2458495","568900801","5.09","5.69e-9","5.46e-9","-1.72","-","33.64","1e-8","0","bin545.log"
"Jan 18 2019","2458502","569505601","18.23","3.16e-8","1.31e-8","-1.72","-","40.73","1e-8","0","bin546.log"
"Jan 25 2019","2458509","570110401","47.08","4.29e-8","1.28e-8","-1.72","-","47.94","1e-8","0","bin547.log"
"Feb 01 2019","2458515","570715201","64.36","4.34e-8","1.05e-8","-1.72","-","55.19","1e-8","0","bin548.log"
"Feb 08 2019","2458522","571320001","33.37","2.13e-8","8.20e-9","-1.72","-","62.40","1e-8","0","bin549.log"
"Feb 15 2019","2458529","571924801","38.62","4.50e-8","1.32e-8","-1.72","-","69.55","1e-8","0","bin550.log"
"Feb 22 2019","2458536","572529601","20.12","2.86e-8","1.20e-8","-1.72","-","76.62","1e-8","0","bin551.log"
"Mar 01 2019","2458546","573134401","16.33","2.43e-8","1.21e-8","-1.72","-","83.61","1e-8","0","bin552.log"
"Mar 08 2019","2458553","573739201","74.83","7.88e-8","1.81e-8","-1.72","-","90.52","1e-8","0","bin553.log"
"Mar 15 2019","2458560","574344001","58.23","7.11e-8","1.89e-8","-1.72","-","97.37","1e-8","0","bin554.log"
"Mar 22 2019","2458567","574948801","53.84","5.91e-8","1.68e-8","-1.72","-","104.16","1e-8","0","bin555.log"
"Mar 29 2019","2458574","575553601","57.52","4.74e-8","1.40e-8","-1.72","-","110.93","1e-8","0","bin556.log"
"Apr 05 2019","2458580","576158401","46.45","4.74e-8","1.39e-8","-1.72","-","117.68","1e-8","0","bin557.log"
"Apr 12 2019","2458587","576763201","49.02","4.28e-8","1.32e-8","-1.72","-","124.44","1e-8","0","bin558.log"
"Apr 19 2019","2458594","577368001","3.39","< 3.26e-8","-","-","-","131.23","1e-8","0","bin559.log"
"Apr 26 2019","2458601","577972801","33.99","2.93e-8","9.70e-9","-1.72","-","138.05","1e-8","0","bin560.log"
"May 03 2019","2458608","578577601","52.12","4.10e-8","1.34e-8","-1.72","-","144.92","1e-8","0","bin561.log"
"May 10 2019","2458615","579182401","30.74","4.73e-8","1.68e-8","-1.72","-","151.84","1e-8","0","bin562.log"
"May 17 2019","2458622","579787201","33.73","3.90e-8","1.34e-8","-1.72","-","158.79","1e-8","0","bin563.log"
"May 24 2019","2458629","580392001","31.88","3.79e-8","1.34e-8","-1.72","-","165.67","1e-8","0","bin564.log"
"May 31 2019","2458636","580996801","23.32","2.31e-8","8.60e-9","-1.72","-","172.10","1e-8","0","bin565.log"
"Jun 07 2019","2458643","581601601","37.92","2.75e-8","9.40e-9","-1.72","-","175.09","1e-8","0","bin566.log"
"Jun 14 2019","2458650","582206401","53.67","4.56e-8","1.31e-8","-1.72","-","170.39","1e-8","0","bin567.log"
"Jun 21 2019","2458657","582811201","44.9","3.92e-8","1.33e-8","-1.72","-","163.64","1e-8","0","bin568.log"
"Jun 28 2019","2458664","583416001","33.01","3.90e-8","1.27e-8","-1.72","-","156.58","1e-8","0","bin569.log"
"Jul 05 2019","2458671","584020801","21.56","3.97e-8","1.44e-8","-1.72","-","149.48","1e-8","0","bin570.log"
"Jul 12 2019","2458678","584625601","81.95","4.51e-8","1.08e-8","-1.72","-","142.44","1e-8","0","bin571.log"
"Jul 19 2019","2458685","585230401","95.37","7.83e-8","1.46e-8","-1.72","-","135.50","1e-8","0","bin572.log"
"Jul 26 2019","2458692","585835201","23.94","3.10e-8","1.19e-8","-1.72","-","128.70","1e-8","0","bin573.log"
"Aug 02 2019","2458699","586440001","23.96","5.96e-8","2.24e-8","-1.72","-","122.05","1e-8","0","bin574.log"
"Aug 09 2019","2458706","587044801","49.44","5.15e-8","1.48e-8","-1.72","-","115.56","1e-8","0","bin575.log"
"Aug 16 2019","2458713","587649601","57.7","6.13e-8","1.58e-8","-1.72","-","109.24","1e-8","0","bin576.log"
"Aug 23 2019","2458720","588254401","103.33","7.13e-8","1.66e-8","-1.72","-","103.07","1e-8","0","bin577.log"
"Aug 30 2019","2458727","588859201","76.27","5.97e-8","1.43e-8","-1.72","-","97.05","1e-8","0","bin578.log"
"Sep 06 2019","2458733","589464001","54.28","4.73e-8","1.19e-8","-1.72","-","91.16","1e-8","0","bin579.log"
"Sep 13 2019","2458740","590068801","45.16","5.32e-8","1.68e-8","-1.72","-","85.37","1e-8","0","bin580.log"
"Sep 20 2019","2458747","590673601","26.02","4.16e-8","1.59e-8","-1.72","-","79.66","1e-8","0","bin581.log"
"Sep 27 2019","2458754","591278401","59.31","5.52e-8","1.35e-8","-1.72","-","73.99","1e-8","0","bin582.log"
"Oct 04 2019","2458762","591883201","54.92","5.64e-8","1.45e-8","-1.72","-","68.34","1e-8","0","bin583.log"
"Oct 11 2019","2458769","592488001","48.69","4.84e-8","1.50e-8","-1.72","-","62.68","1e-8","0","bin584.log"
"Oct 18 2019","2458776","593092801","42.52","4.20e-8","1.40e-8","-1.72","-","56.98","1e-8","0","bin585.log"
"Oct 25 2019","2458783","593697601","50.99","4.73e-8","1.42e-8","-1.72","-","51.21","1e-8","0","bin586.log"
"Nov 01 2019","2458789","594302401","35.78","4.59e-8","1.44e-8","-1.72","-","45.36","1e-8","0","bin587.log"
"Nov 08 2019","2458796","594907201","95.04","5.99e-8","1.26e-8","-1.72","-","39.43","1e-8","0","bin588.log"
"Nov 15 2019","2458803","595512001","76.11","5.43e-8","1.22e-8","-1.72","-","33.46","1e-8","0","bin589.log"
"Nov 22 2019","2458810","596116801","77.79","5.95e-8","1.32e-8","-1.72","-","27.55","1e-8","0","bin590.log"
"Nov 29 2019","2458817","596721601","45.02","3.75e-8","1.25e-8","-1.72","-","21.97","1e-8","0","bin591.log"
"Dec 06 2019","2458824","597326401","69.38","8.09e-8","1.97e-8","-1.72","-","17.30","1e-8","0","bin592.log"
"Dec 13 2019","2458831","597931201","36.26","4.07e-8","1.39e-8","-1.72","-","14.79","1e-8","0","bin593.log"
"Dec 20 2019","2458838","598536001","74.49","5.66e-8","1.26e-8","-1.72","-","15.77","1e-8","0","bin594.log"
"Dec 27 2019","2458845","599140801","80.36","4.83e-8","1.21e-8","-1.72","-","19.89","1e-8","0","bin595.log"
"Jan 03 2020","2458852","599745601","77.93","4.43e-8","1.11e-8","-1.72","-","25.74","1e-8","0","bin596.log"
"Jan 10 2020","2458859","600350401","31.04","4.08e-8","1.39e-8","-1.72","-","32.41","1e-8","0","bin597.log"
"Jan 17 2020","2458866","600955201","69.14","8.04e-8","1.82e-8","-1.72","-","39.46","1e-8","0","bin598.log"
"Jan 24 2020","2458873","601560001","53.33","5.37e-8","1.60e-8","-1.72","-","46.66","1e-8","0","bin599.log"
"Jan 31 2020","2458880","602164801","18.89","3.80e-8","1.57e-8","-1.72","-","53.90","1e-8","0","bin600.log"
"Feb 07 2020","2458886","602769601","59.93","3.95e-8","1.05e-8","-1.72","-","61.13","1e-8","0","bin601.log"
"Feb 14 2020","2458893","603374401","131.87","7.17e-8","1.40e-8","-1.72","-","68.29","1e-8","0","bin602.log"
"Feb 21 2020","2458900","603979201","56.91","5.93e-8","1.61e-8","-1.72","-","75.37","1e-8","0","bin603.log"
"Feb 28 2020","2458907","604584001","64.29","5.99e-8","1.55e-8","-1.72","-","82.37","1e-8","0","bin604.log"
"Mar 06 2020","2458916","605188801","59.77","4.95e-8","1.41e-8","-1.72","-","89.30","1e-8","0","bin605.log"
"Mar 13 2020","2458923","605793601","30.02","3.86e-8","1.32e-8","-1.72","-","96.15","1e-8","0","bin606.log"
"Mar 20 2020","2458930","606398401","79.83","5.72e-8","1.67e-8","-1.72","-","102.96","1e-8","0","bin607.log"
"Mar 27 2020","2458937","607003201","56.57","5.81e-8","1.58e-8","-1.72","-","109.73","1e-8","0","bin608.log"
"Apr 03 2020","2458943","607608001","78.93","6.18e-8","1.49e-8","-1.72","-","116.48","1e-8","0","bin609.log"
"Apr 10 2020","2458950","608212801","26.69","4.26e-8","1.49e-8","-1.72","-","123.24","1e-8","0","bin610.log"
"Apr 17 2020","2458957","608817601","79.13","4.91e-8","1.25e-8","-1.72","-","130.02","1e-8","0","bin611.log"
"Apr 24 2020","2458964","609422401","105.21","6.09e-8","1.25e-8","-1.72","-","136.83","1e-8","0","bin612.log"
"May 01 2020","2458972","610027201","111.31","6.68e-8","1.42e-8","-1.72","-","143.70","1e-8","0","bin613.log"
"May 08 2020","2458979","610632001","70.49","6.15e-8","1.65e-8","-1.72","-","150.61","1e-8","0","bin614.log"
"May 15 2020","2458986","611236801","30.9","4.79e-8","1.58e-8","-1.72","-","157.55","1e-8","0","bin615.log"
"May 22 2020","2458993","611841601","15.22","3.09e-8","1.33e-8","-1.72","-","164.46","1e-8","0","bin616.log"
"May 29 2020","2459000","612446401","46.65","2.63e-8","9.00e-9","-1.72","-","171.05","1e-8","0","bin617.log"
"Jun 05 2020","2459006","613051201","43.02","3.70e-8","1.10e-8","-1.72","-","175.19","1e-8","0","bin618.log"
"Jun 12 2020","2459013","613656001","25.08","2.39e-8","9.60e-9","-1.72","-","171.49","1e-8","0","bin619.log"
"Jun 19 2020","2459020","614260801","34.27","3.33e-8","1.20e-8","-1.72","-","164.87","1e-8","0","bin620.log"
"Jun 26 2020","2459027","614865601","41.01","3.67e-8","1.29e-8","-1.72","-","157.84","1e-8","0","bin621.log"
"Jul 03 2020","2459035","615470401","57.16","5.95e-8","1.67e-8","-1.72","-","150.74","1e-8","0","bin622.log"
"Jul 10 2020","2459042","616075201","31.3","3.56e-8","1.28e-8","-1.72","-","143.68","1e-8","0","bin623.log"
"Jul 17 2020","2459049","616680001","36.86","2.58e-8","8.40e-9","-1.72","-","136.72","1e-8","0","bin624.log"
"Jul 24 2020","2459056","617284801","36.32","1.95e-8","7.90e-9","-1.72","-","129.89","1e-8","0","bin625.log"
"Jul 31 2020","2459063","617889601","67.77","3.66e-8","1.16e-8","-1.72","-","123.21","1e-8","0","bin626.log"
"Aug 07 2020","2459069","618494401","7.8","2.13e-8","1.29e-8","-1.72","-","116.70","1e-8","0","bin627.log"
"Aug 14 2020","2459076","619099201","67.81","5.31e-8","1.50e-8","-1.72","-","110.35","1e-8","0","bin628.log"
"Aug 21 2020","2459083","619704001","64.37","4.67e-8","1.44e-8","-1.72","-","104.15","1e-8","0","bin629.log"
"Aug 28 2020","2459090","620308801","55.85","4.10e-8","1.33e-8","-1.72","-","98.11","1e-8","0","bin630.log"
"Sep 04 2020","2459096","620913601","15.66","2.54e-8","1.06e-8","-1.72","-","92.19","1e-8","0","bin631.log"
"Sep 11 2020","2459103","621518401","32.84","3.91e-8","1.32e-8","-1.72","-","86.39","1e-8","0","bin632.log"
"Sep 18 2020","2459110","622123201","27.88","3.73e-8","1.49e-8","-1.72","-","80.66","1e-8","0","bin633.log"
"Sep 25 2020","2459117","622728001","39.76","3.68e-8","1.41e-8","-1.72","-","74.99","1e-8","0","bin634.log"
"Oct 02 2020","2459125","623332801","59.18","3.81e-8","1.02e-8","-1.72","-","69.35","1e-8","0","bin635.log"
"Oct 09 2020","2459132","623937601","81.22","5.44e-8","1.48e-8","-1.72","-","63.69","1e-8","0","bin636.log"
"Oct 16 2020","2459139","624542401","18.28","3.62e-8","1.55e-8","-1.72","-","58.00","1e-8","0","bin637.log"
"Oct 23 2020","2459146","625147201","75.44","7.36e-8","1.71e-8","-1.72","-","52.24","1e-8","0","bin638.log"
"Oct 30 2020","2459153","625752001","51.99","6.06e-8","1.62e-8","-1.72","-","46.40","1e-8","0","bin639.log"
"Nov 06 2020","2459159","626356801","54.12","5.95e-8","1.59e-8","-1.72","-","40.48","1e-8","0","bin640.log"
"Nov 13 2020","2459166","626961601","63.93","6.75e-8","1.43e-8","-1.72","-","34.52","1e-8","0","bin641.log"
"Nov 20 2020","2459173","627566401","58.62","4.41e-8","1.10e-8","-1.72","-","28.59","1e-8","0","bin642.log"
"Nov 27 2020","2459180","628171201","65.84","4.65e-8","1.33e-8","-1.72","-","22.92","1e-8","0","bin643.log"
"Dec 04 2020","2459188","628776001","67.62","6.00e-8","1.67e-8","-1.72","-","18.02","1e-8","0","bin644.log"
"Dec 11 2020","2459195","629380801","54.78","5.77e-8","1.61e-8","-1.72","-","15.01","1e-8","0","bin645.log"
"Dec 18 2020","2459202","629985601","109.62","7.52e-8","1.69e-8","-1.72","-","15.33","1e-8","0","bin646.log"
"Dec 25 2020","2459209","630590401","35.29","3.88e-8","1.09e-8","-1.72","-","19.00","1e-8","0","bin647.log"
"Jan 01 2021","2459215","631195201","39.62","2.69e-8","9.30e-9","-1.72","-","24.63","1e-8","0","bin648.log"
"Jan 08 2021","2459222","631800001","109.34","6.75e-8","1.35e-8","-1.72","-","31.19","1e-8","0","bin649.log"
"Jan 15 2021","2459229","632404801","31.71","3.70e-8","1.41e-8","-1.72","-","38.19","1e-8","0","bin650.log"
"Jan 22 2021","2459236","633009601","80.1","7.08e-8","1.69e-8","-1.72","-","45.37","1e-8","0","bin651.log"
"Jan 29 2021","2459243","633614401","25.26","3.25e-8","1.35e-8","-1.72","-","52.62","1e-8","0","bin652.log"
"Feb 05 2021","2459250","634219201","31.67","3.36e-8","1.28e-8","-1.72","-","59.85","1e-8","0","bin653.log"
"Feb 12 2021","2459257","634824001","70.37","5.33e-8","1.25e-8","-1.72","-","67.02","1e-8","0","bin654.log"
"Feb 19 2021","2459264","635428801","100.78","5.84e-8","1.31e-8","-1.72","-","74.12","1e-8","0","bin655.log"
"Feb 26 2021","2459271","636033601","33.96","5.04e-8","1.58e-8","-1.72","-","81.14","1e-8","0","bin656.log"
"Mar 05 2021","2459280","636638401","105.84","8.86e-8","1.85e-8","-1.72","-","88.07","1e-8","0","bin657.log"
"Mar 12 2021","2459287","637243201","82.08","7.05e-8","1.69e-8","-1.72","-","94.94","1e-8","0","bin658.log"
"Mar 19 2021","2459294","637848001","50.94","5.83e-8","1.63e-8","-1.72","-","101.75","1e-8","0","bin659.log"
"Mar 26 2021","2459301","638452801","26.96","4.02e-8","1.48e-8","-1.72","-","108.53","1e-8","0","bin660.log"
"Apr 02 2021","2459307","639057601","54.19","5.82e-8","1.58e-8","-1.72","-","115.28","1e-8","0","bin661.log"
"Apr 09 2021","2459314","639662401","92.51","7.01e-8","1.66e-8","-1.72","-","122.04","1e-8","0","bin662.log"
"Apr 16 2021","2459321","640267201","98.42","8.31e-8","1.85e-8","-1.72","-","128.81","1e-8","0","bin663.log"
"Apr 23 2021","2459328","640872001","73.41","6.59e-8","1.47e-8","-1.72","-","135.62","1e-8","0","bin664.log"
"Apr 30 2021","2459335","641476801","190.14","7.95e-8","1.38e-8","-1.72","-","142.48","1e-8","0","bin665.log"
"May 07 2021","2459343","642081601","230.24","1.17e-7","1.75e-8","-1.72","-","149.38","1e-8","0","bin666.log"
"May 14 2021","2459350","642686401","78.72","6.63e-8","1.71e-8","-1.72","-","156.32","1e-8","0","bin667.log"
"May 21 2021","2459357","643291201","21.74","4.24e-8","1.50e-8","-1.72","-","163.25","1e-8","0","bin668.log"
"May 28 2021","2459364","643896001","16.71","3.41e-8","1.42e-8","-1.72","-","169.94","1e-8","0","bin669.log"
"Jun 04 2021","2459370","644500801","120.98","6.67e-8","1.33e-8","-1.72","-","174.95","1e-8","0","bin670.log"
"Jun 11 2021","2459377","645105601","117.96","5.86e-8","1.28e-8","-1.72","-","172.52","1e-8","0","bin671.log"
"Jun 18 2021","2459384","645710401","34.96","3.57e-8","1.13e-8","-1.72","-","166.09","1e-8","0","bin672.log"
"Jun 25 2021","2459391","646315201","64.68","6.75e-8","1.73e-8","-1.72","-","159.09","1e-8","0","bin673.log"
"Jul 02 2021","2459399","646920001","14.34","2.14e-8","1.09e-8","-1.72","-","152.00","1e-8","0","bin674.log"
"Jul 09 2021","2459406","647524801","43.41","4.91e-8","1.61e-8","-1.72","-","144.93","1e-8","0","bin675.log"
"Jul 16 2021","2459413","648129601","50.19","4.70e-8","1.27e-8","-1.72","-","137.95","1e-8","0","bin676.log"
"Jul 23 2021","2459420","648734401","111.41","5.81e-8","1.17e-8","-1.72","-","131.09","1e-8","0","bin677.log"
"Jul 30 2021","2459427","649339201","62.45","3.87e-8","1.10e-8","-1.72","-","124.39","1e-8","0","bin678.log"
"Aug 06 2021","2459433","649944001","85.74","6.27e-8","1.60e-8","-1.72","-","117.84","1e-8","0","bin679.log"
"Aug 13 2021","2459440","650548801","59.08","5.62e-8","1.58e-8","-1.72","-","111.46","1e-8","0","bin680.log"
"Aug 20 2021","2459447","651153601","25.44","2.89e-8","1.17e-8","-1.72","-","105.24","1e-8","0","bin681.log"
"Aug 27 2021","2459454","651758401","65.15","4.64e-8","1.40e-8","-1.72","-","99.17","1e-8","0","bin682.log"
"Sep 03 2021","2459461","652363201","50.79","4.93e-8","1.48e-8","-1.72","-","93.23","1e-8","0","bin683.log"
"Sep 10 2021","2459468","652968001","32.73","2.84e-8","9.90e-9","-1.72","-","87.41","1e-8","0","bin684.log"
"Sep 17 2021","2459475","653572801","52.05","4.24e-8","1.37e-8","-1.72","-","81.68","1e-8","0","bin685.log"
"Sep 24 2021","2459482","654177601","18.09","3.32e-8","1.36e-8","-1.72","-","76.00","1e-8","0","bin686.log"
"Oct 01 2021","2459489","654782401","55.67","6.56e-8","1.69e-8","-1.72","-","70.35","1e-8","0","bin687.log"
"Oct 08 2021","2459496","655387201","52.03","2.37e-8","8.10e-9","-1.72","-","64.70","1e-8","0","bin688.log"
"Oct 15 2021","2459503","655992001","41.8","6.13e-8","1.69e-8","-1.72","-","59.01","1e-8","0","bin689.log"
"Oct 22 2021","2459510","656596801","29.87","4.37e-8","1.61e-8","-1.72","-","53.27","1e-8","0","bin690.log"
"Oct 29 2021","2459517","657201601","67.72","5.30e-8","1.48e-8","-1.72","-","47.44","1e-8","0","bin691.log"
"Nov 05 2021","2459524","657806401","22.8","3.17e-8","1.33e-8","-1.72","-","41.54","1e-8","0","bin692.log"
"Nov 12 2021","2459531","658411201","53.61","4.47e-8","1.25e-8","-1.72","-","35.57","1e-8","0","bin693.log"
"Nov 19 2021","2459538","659016001","19.5","2.55e-8","1.05e-8","-1.72","-","29.63","1e-8","0","bin694.log"
"Nov 26 2021","2459545","659620801","149.04","7.55e-8","1.34e-8","-1.72","-","23.89","1e-8","0","bin695.log"
"Dec 03 2021","2459552","660225601","86.57","6.84e-8","1.63e-8","-1.72","-","18.80","1e-8","0","bin696.log"
"Dec 10 2021","2459559","660830401","36.95","5.54e-8","1.69e-8","-1.72","-","15.33","1e-8","0","bin697.log"
"Dec 17 2021","2459566","661435201","57.68","4.32e-8","1.42e-8","-1.72","-","15.00","1e-8","0","bin698.log"
"Dec 24 2021","2459573","662040001","43.3","3.55e-8","1.21e-8","-1.72","-","18.16","1e-8","0","bin699.log"
"Dec 31 2021","2459580","662644801","78.35","3.69e-8","9.70e-9","-1.72","-","23.54","1e-8","0","bin700.log"
"Jan 07 2022","2459586","663249601","81.98","3.95e-8","1.02e-8","-1.72","-","29.99","1e-8","0","bin701.log"
"Jan 14 2022","2459593","663854401","51.28","4.14e-8","1.20e-8","-1.72","-","36.93","1e-8","0","bin702.log"
"Jan 21 2022","2459600","664459201","18.7","2.37e-8","1.15e-8","-1.72","-","44.09","1e-8","0","bin703.log"
"Jan 28 2022","2459607","665064001","26.42","3.65e-8","1.34e-8","-1.72","-","51.33","1e-8","0","bin704.log"
"Feb 04 2022","2459614","665668801","23.84","2.88e-8","1.27e-8","-1.72","-","58.57","1e-8","0","bin705.log"
"Feb 11 2022","2459621","666273601","31.02","3.70e-8","1.32e-8","-1.72","-","65.75","1e-8","0","bin706.log"
"Feb 18 2022","2459628","666878401","128","5.96e-8","1.23e-8","-1.72","-","72.87","1e-8","0","bin707.log"
"Feb 25 2022","2459635","667483201","102.06","6.79e-8","1.44e-8","-1.72","-","79.90","1e-8","0","bin708.log"
"Mar 04 2022","2459644","668088001","88.81","6.14e-8","1.50e-8","-1.72","-","86.85","1e-8","0","bin709.log"
"Mar 11 2022","2459651","668692801","18.68","4.00e-8","1.51e-8","-1.72","-","93.73","1e-8","0","bin710.log"
"Mar 18 2022","2459658","669297601","27.08","4.01e-8","1.42e-8","-1.72","-","100.55","1e-8","0","bin711.log"
"Mar 25 2022","2459665","669902401","84.55","5.00e-8","1.41e-8","-1.72","-","107.33","1e-8","0","bin712.log"
"Apr 01 2022","2459672","670507201","38.41","4.19e-8","1.43e-8","-1.72","-","114.09","1e-8","0","bin713.log"
"Apr 08 2022","2459679","671112001","57.87","3.60e-8","1.21e-8","-1.72","-","120.84","1e-8","0","bin714.log"
"Apr 15 2022","2459686","671716801","77.04","5.88e-8","1.52e-8","-1.72","-","127.61","1e-8","0","bin715.log"
"Apr 22 2022","2459693","672321601","81.81","6.34e-8","1.64e-8","-1.72","-","134.41","1e-8","0","bin716.log"
"Apr 29 2022","2459700","672926401","70.29","4.65e-8","1.21e-8","-1.72","-","141.26","1e-8","0","bin717.log"
"May 06 2022","2459707","673531201","81.56","3.66e-8","9.40e-9","-1.72","-","148.15","1e-8","0","bin718.log"
"May 13 2022","2459714","674136001","20.95","3.78e-8","1.38e-8","-1.72","-","155.09","1e-8","0","bin719.log"
"May 20 2022","2459721","674740801","49.97","4.80e-8","1.60e-8","-1.72","-","162.03","1e-8","0","bin720.log"
"May 27 2022","2459728","675345601","59.4","5.28e-8","1.57e-8","-1.72","-","168.79","1e-8","0","bin721.log"
"Jun 03 2022","2459735","675950401","95.33","7.95e-8","1.81e-8","-1.72","-","174.41","1e-8","0","bin722.log"
"Jun 10 2022","2459742","676555201","49.19","3.94e-8","1.13e-8","-1.72","-","173.46","1e-8","0","bin723.log"
"Jun 17 2022","2459749","677160001","45.31","3.64e-8","1.06e-8","-1.72","-","167.30","1e-8","0","bin724.log"
"Jun 24 2022","2459756","677764801","74.97","6.07e-8","1.35e-8","-1.72","-","160.35","1e-8","0","bin725.log"
"Jul 01 2022","2459763","678369601","51.55","5.81e-8","1.60e-8","-1.72","-","153.26","1e-8","0","bin726.log"
"Jul 08 2022","2459770","678974401","62.96","5.85e-8","1.56e-8","-1.72","-","146.18","1e-8","0","bin727.log"
"Jul 15 2022","2459777","679579201","72.19","6.58e-8","1.66e-8","-1.72","-","139.18","1e-8","0","bin728.log"
"Jul 22 2022","2459784","680184001","75.48","4.27e-8","1.13e-8","-1.72","-","132.30","1e-8","0","bin729.log"
"Jul 29 2022","2459791","680788801","67.8","3.73e-8","1.03e-8","-1.72","-","125.56","1e-8","0","bin730.log"
"Aug 05 2022","2459797","681393601","79.7","4.51e-8","1.22e-8","-1.72","-","118.99","1e-8","0","bin731.log"
"Aug 12 2022","2459804","681998401","22.8","3.74e-8","1.48e-8","-1.72","-","112.58","1e-8","0","bin732.log"
"Aug 19 2022","2459811","682603201","51.94","4.06e-8","1.37e-8","-1.72","-","106.33","1e-8","0","bin733.log"
"Aug 26 2022","2459818","683208001","53.69","4.94e-8","1.51e-8","-1.72","-","100.24","1e-8","0","bin734.log"
"Sep 02 2022","2459825","683812801","33.36","3.58e-8","1.24e-8","-1.72","-","94.28","1e-8","0","bin735.log"
"Sep 09 2022","2459832","684417601","35.26","2.83e-8","1.23e-8","-1.72","-","88.44","1e-8","0","bin736.log"
"Sep 16 2022","2459839","685022401","54.38","5.14e-8","1.34e-8","-1.72","-","82.69","1e-8","0","bin737.log"
"Sep 23 2022","2459846","685627201","43.54","6.05e-8","1.74e-8","-1.72","-","77.00","1e-8","0","bin738.log"
"Sep 30 2022","2459853","686232001","41.09","6.80e-8","1.92e-8","-1.72","-","71.35","1e-8","0","bin739.log"
"Oct 07 2022","2459860","686836801","79.11","4.71e-8","1.15e-8","-1.72","-","65.70","1e-8","0","bin740.log"
"Oct 14 2022","2459867","687441601","106.3","5.45e-8","1.22e-8","-1.72","-","60.02","1e-8","0","bin741.log"
"Oct 21 2022","2459874","688046401","53.54","4.46e-8","1.31e-8","-1.72","-","54.29","1e-8","0","bin742.log"
"Oct 28 2022","2459881","688651201","88.91","4.61e-8","1.35e-8","-1.72","-","48.48","1e-8","0","bin743.log"
"Nov 04 2022","2459888","689256001","69.06","7.05e-8","1.75e-8","-1.72","-","42.59","1e-8","0","bin744.log"
"Nov 11 2022","2459895","689860801","4.81","1.84e-8","1.20e-8","-1.72","-","36.63","1e-8","0","bin745.log"
"Nov 18 2022","2459902","690465601","17.28","2.40e-8","1.03e-8","-1.72","-","30.68","1e-8","0","bin746.log"
"Nov 25 2022","2459909","691070401","28.31","2.53e-8","8.80e-9","-1.72","-","24.88","1e-8","0","bin747.log"
"Dec 02 2022","2459916","691675201","65.17","3.83e-8","1.02e-8","-1.72","-","19.62","1e-8","0","bin748.log"
"Dec 09 2022","2459923","692280001","101.75","7.23e-8","1.65e-8","-1.72","-","15.76","1e-8","0","bin749.log"
"Dec 16 2022","2459930","692884801","41.87","4.31e-8","1.53e-8","-1.72","-","14.78","1e-8","0","bin750.log"
"Dec 23 2022","2459937","693489601","37.58","2.61e-8","1.17e-8","-1.72","-","17.40","1e-8","0","bin751.log"
"Dec 30 2022","2459944","694094401","51.24","4.34e-8","1.21e-8","-1.72","-","22.48","1e-8","0","bin752.log"
"Jan 06 2023","2459951","694699201","73.27","3.90e-8","1.02e-8","-1.72","-","28.79","1e-8","0","bin753.log"
"Jan 13 2023","2459958","695304001","87.98","5.92e-8","1.29e-8","-1.72","-","35.67","1e-8","0","bin754.log"
"Jan 27 2023","2459972","696513601","76.41","4.92e-8","1.45e-8","-1.72","-","50.05","1e-8","0","bin756.log"
"Feb 03 2023","2459978","697118401","38.21","4.41e-8","1.38e-8","-1.72","-","57.29","1e-8","0","bin757.log"
"Feb 10 2023","2459985","697723201","38.12","5.67e-8","1.66e-8","-1.72","-","64.48","1e-8","0","bin758.log"
"Feb 17 2023","2459992","698328001","101.47","6.14e-8","1.40e-8","-1.72","-","71.61","1e-8","0","bin759.log"
"Feb 24 2023","2459999","698932801","64.37","3.26e-8","9.70e-9","-1.72","-","78.66","1e-8","0","bin760.log"
"Mar 03 2023","2460009","699537601","116.64","7.05e-8","1.55e-8","-1.72","-","85.62","1e-8","0","bin761.log"
"Mar 10 2023","2460016","700142401","39.79","3.50e-8","1.21e-8","-1.72","-","92.51","1e-8","0","bin762.log"
"Mar 17 2023","2460023","700747201","78.84","4.68e-8","1.27e-8","-1.72","-","99.34","1e-8","0","bin763.log"
"Mar 24 2023","2460030","701352001","68.57","4.96e-8","1.36e-8","-1.72","-","106.13","1e-8","0","bin764.log"
"Mar 31 2023","2460037","701956801","106.54","7.64e-8","1.70e-8","-1.72","-","112.89","1e-8","0","bin765.log"
"Apr 07 2023","2460043","702561601","81.45","7.97e-8","1.92e-8","-1.72","-","119.64","1e-8","0","bin766.log"
"Apr 14 2023","2460050","703166401","60.94","4.40e-8","1.36e-8","-1.72","-","126.41","1e-8","0","bin767.log"
"Apr 21 2023","2460057","703771201","77.59","6.16e-8","1.58e-8","-1.72","-","133.20","1e-8","0","bin768.log"
"Apr 28 2023","2460064","704376001","37.81","4.21e-8","1.32e-8","-1.72","-","140.04","1e-8","0","bin769.log"
"May 05 2023","2460071","704980801","89.61","6.29e-8","1.32e-8","-1.72","-","146.93","1e-8","0","bin770.log"
"May 12 2023","2460078","705585601","130.65","5.11e-8","1.12e-8","-1.72","-","153.86","1e-8","0","bin771.log"
"May 19 2023","2460085","706190401","39.05","4.56e-8","1.44e-8","-1.72","-","160.80","1e-8","0","bin772.log"
"May 26 2023","2460092","706795201","38.4","4.04e-8","1.43e-8","-1.72","-","167.62","1e-8","0","bin773.log"
"Jun 02 2023","2460099","707400001","37.99","4.17e-8","1.34e-8","-1.72","-","173.65","1e-8","0","bin774.log"
"Jun 09 2023","2460106","708004801","28.98","2.67e-8","9.60e-9","-1.72","-","174.26","1e-8","0","bin775.log"
"Jun 16 2023","2460113","708609601","52.37","3.31e-8","9.80e-9","-1.72","-","168.49","1e-8","0","bin776.log"
"Jun 23 2023","2460120","709214401","46.1","3.61e-8","1.10e-8","-1.72","-","161.60","1e-8","0","bin777.log"
"Jun 30 2023","2460127","709819201","42.14","5.60e-8","1.50e-8","-1.72","-","154.51","1e-8","0","bin778.log"
"Jul 07 2023","2460134","710424001","85.36","7.89e-8","1.85e-8","-1.72","-","147.43","1e-8","0","bin779.log"
"Jul 14 2023","2460141","711028801","109.57","8.10e-8","1.76e-8","-1.72","-","140.41","1e-8","0","bin780.log"
"Jul 21 2023","2460148","711633601","57.75","5.84e-8","1.71e-8","-1.72","-","133.51","1e-8","0","bin781.log"
"Jul 28 2023","2460155","712238401","157.81","7.13e-8","1.30e-8","-1.72","-","126.75","1e-8","0","bin782.log"
"Aug 04 2023","2460162","712843201","174.72","8.45e-8","1.44e-8","-1.72","-","120.14","1e-8","0","bin783.log"
"Aug 11 2023","2460169","713448001","148.65","9.40e-8","1.72e-8","-1.72","-","113.70","1e-8","0","bin784.log"
"Aug 18 2023","2460176","714052801","49.65","3.54e-8","1.32e-8","-1.72","-","107.43","1e-8","0","bin785.log"
"Aug 25 2023","2460183","714657601","71.85","6.85e-8","1.66e-8","-1.72","-","101.31","1e-8","0","bin786.log"
"Sep 01 2023","2460189","715262401","92.62","7.35e-8","1.65e-8","-1.72","-","95.32","1e-8","0","bin787.log"
"Sep 08 2023","2460196","715867201","63.66","5.44e-8","1.57e-8","-1.72","-","89.46","1e-8","0","bin788.log"
"Sep 15 2023","2460203","716472001","125.83","8.41e-8","1.67e-8","-1.72","-","83.70","1e-8","0","bin789.log"
"Sep 22 2023","2460210","717076801","86.07","8.36e-8","1.77e-8","-1.72","-","78.01","1e-8","0","bin790.log"
"Sep 29 2023","2460217","717681601","68.55","8.77e-8","2.13e-8","-1.72","-","72.35","1e-8","0","bin791.log"